/*******************************************************************************
 * Size: 16 px
 * Bpp: 4
 * Opts: undefined
 ******************************************************************************/

#ifdef LV_LVGL_H_INCLUDE_SIMPLE
#include "lvgl.h"
#else
#include "lvgl.h"
#endif

#include "lv_port_extfont.h"

#ifndef LV_FONT_ALIMAMA_16
#define LV_FONT_ALIMAMA_16 1
#endif

#if LV_FONT_ALIMAMA_16

/*-----------------
 *    BITMAPS
 *----------------*/

/*Store the image of the glyphs*/
#if 0 /* Stored in W25Q64 by pack_assets.py. */
static LV_ATTRIBUTE_LARGE_CONST const uint8_t glyph_bitmap[] = {
    /* U+0020 " " */

    /* U+0021 "!" */
    0x4f, 0xf3, 0x4f, 0xf2, 0x3f, 0xf2, 0x2f, 0xf1,
    0x2f, 0xf0, 0x1f, 0xf0, 0xf, 0xf0, 0x9, 0x80,
    0x3a, 0xa3, 0x5f, 0xf4, 0x5f, 0xf4,

    /* U+0022 "\"" */
    0x3d, 0xc3, 0xdc, 0x2f, 0xd3, 0xfd, 0x1f, 0xc1,
    0xfb, 0xf, 0xa0, 0xfa, 0xe, 0x90, 0xe9,

    /* U+0023 "#" */
    0x0, 0x6f, 0x70, 0x4f, 0x90, 0x0, 0xaf, 0x40,
    0x8f, 0x60, 0xcf, 0xff, 0xff, 0xff, 0xf5, 0x8b,
    0xff, 0xbb, 0xff, 0xb3, 0x2, 0xfc, 0x0, 0xfe,
    0x0, 0x4, 0xfa, 0x2, 0xfc, 0x0, 0x8c, 0xfd,
    0xab, 0xfe, 0xa3, 0xcf, 0xff, 0xff, 0xff, 0xf5,
    0xb, 0xf2, 0x9, 0xf4, 0x0, 0xe, 0xf0, 0xc,
    0xf1, 0x0, 0xf, 0xd0, 0xe, 0xf0, 0x0,

    /* U+0024 "$" */
    0x0, 0x0, 0xe4, 0x0, 0x0, 0x0, 0xe, 0x40,
    0x0, 0x2, 0xbe, 0xff, 0xeb, 0x0, 0xdf, 0xff,
    0xff, 0xe0, 0x1f, 0xf2, 0xe4, 0x2, 0x1, 0xff,
    0x1e, 0x40, 0x0, 0xe, 0xfe, 0xf9, 0x20, 0x0,
    0x3c, 0xff, 0xff, 0xa0, 0x0, 0x1, 0xec, 0xff,
    0x60, 0x0, 0xe, 0x49, 0xf9, 0x14, 0x10, 0xe5,
    0xbf, 0x83, 0xff, 0xff, 0xff, 0xf3, 0x2d, 0xff,
    0xff, 0xd6, 0x0, 0x0, 0xe, 0x40, 0x0, 0x0,
    0x0, 0xe4, 0x0, 0x0, 0x0, 0x3, 0x10, 0x0,

    /* U+0025 "%" */
    0x4, 0xdf, 0xb1, 0x0, 0x7f, 0x60, 0x0, 0xdd,
    0x9f, 0x80, 0x1e, 0xd0, 0x0, 0xf, 0x70, 0xda,
    0x9, 0xf4, 0x0, 0x0, 0xe9, 0xe, 0xa2, 0xfb,
    0x0, 0x0, 0xa, 0xff, 0xf5, 0xbf, 0x20, 0x0,
    0x0, 0x5, 0x73, 0x4f, 0x98, 0xee, 0x70, 0x0,
    0x0, 0xd, 0xe4, 0xfb, 0xbf, 0x10, 0x0, 0x6,
    0xf7, 0x5f, 0x23, 0xf4, 0x0, 0x0, 0xed, 0x6,
    0xf1, 0x2f, 0x40, 0x0, 0x8f, 0x50, 0x3f, 0x9a,
    0xf2, 0x0, 0x1f, 0xc0, 0x0, 0x8e, 0xe7, 0x0,

    /* U+0026 "&" */
    0x0, 0x2b, 0xff, 0xb2, 0x0, 0x0, 0xe, 0xfe,
    0xef, 0xb0, 0x0, 0x1, 0xff, 0x24, 0xfd, 0x0,
    0x0, 0xe, 0xf8, 0xcf, 0x80, 0x0, 0x0, 0x8f,
    0xff, 0x80, 0x43, 0x0, 0x7f, 0xff, 0xf2, 0x3f,
    0xe0, 0x4f, 0xf6, 0xcf, 0xd7, 0xfb, 0x9, 0xfd,
    0x1, 0xef, 0xff, 0x70, 0x8f, 0xe0, 0x5, 0xff,
    0xe0, 0x2, 0xff, 0xeb, 0xff, 0xff, 0x20, 0x3,
    0xcf, 0xfd, 0x89, 0xfd, 0x10,

    /* U+0027 "'" */
    0x3d, 0xc2, 0xfd, 0x1f, 0xc0, 0xfa, 0xe, 0x90,

    /* U+0028 "(" */
    0x0, 0x6a, 0x70, 0x1f, 0xf5, 0x7, 0xfd, 0x0,
    0xef, 0x70, 0x4f, 0xf2, 0x8, 0xfe, 0x0, 0xbf,
    0xb0, 0xc, 0xfa, 0x0, 0xdf, 0xa0, 0xc, 0xfb,
    0x0, 0xaf, 0xd0, 0x6, 0xff, 0x10, 0x1f, 0xf5,
    0x0, 0xbf, 0xb0, 0x4, 0xff, 0x20, 0xb, 0xfa,

    /* U+0029 ")" */
    0x3a, 0x90, 0x0, 0xe, 0xf6, 0x0, 0x7, 0xfe,
    0x0, 0x1, 0xff, 0x40, 0x0, 0xcf, 0xa0, 0x0,
    0x8f, 0xe0, 0x0, 0x5f, 0xf1, 0x0, 0x4f, 0xf3,
    0x0, 0x3f, 0xf3, 0x0, 0x4f, 0xf2, 0x0, 0x7f,
    0xf0, 0x0, 0xaf, 0xd0, 0x0, 0xef, 0x80, 0x5,
    0xff, 0x20, 0xb, 0xfa, 0x0, 0x3f, 0xf2, 0x0,

    /* U+002A "*" */
    0x0, 0x3f, 0x90, 0x0, 0x92, 0xf7, 0x65, 0x5f,
    0xff, 0xff, 0xb1, 0x4c, 0xff, 0x62, 0x5, 0xfb,
    0xfb, 0x0, 0x5e, 0x1a, 0xa0, 0x0, 0x0, 0x0,
    0x0,

    /* U+002B "+" */
    0x0, 0x2, 0x74, 0x0, 0x0, 0x0, 0x6f, 0xa0,
    0x0, 0x0, 0x6, 0xfa, 0x0, 0x0, 0x11, 0x7f,
    0xa1, 0x10, 0x8f, 0xff, 0xff, 0xff, 0xc8, 0xff,
    0xff, 0xff, 0xfc, 0x0, 0x6, 0xfa, 0x0, 0x0,
    0x0, 0x6f, 0xa0, 0x0, 0x0, 0x6, 0xfa, 0x0,
    0x0,

    /* U+002C "," */
    0x3, 0xdc, 0x0, 0x8f, 0xa0, 0xd, 0xf4, 0x1,
    0xfe, 0x0, 0x6f, 0x80, 0x0,

    /* U+002D "-" */
    0xde, 0xee, 0xdf, 0xff, 0xff,

    /* U+002E "." */
    0x7a, 0xab, 0xff, 0xbf, 0xf0,

    /* U+002F "/" */
    0x0, 0x0, 0x7, 0x70, 0x0, 0x0, 0x3f, 0xa0,
    0x0, 0x0, 0x9f, 0x50, 0x0, 0x0, 0xef, 0x0,
    0x0, 0x3, 0xfb, 0x0, 0x0, 0x8, 0xf5, 0x0,
    0x0, 0xe, 0xf1, 0x0, 0x0, 0x3f, 0xb0, 0x0,
    0x0, 0x8f, 0x60, 0x0, 0x0, 0xdf, 0x10, 0x0,
    0x3, 0xfb, 0x0, 0x0, 0x8, 0xf6, 0x0, 0x0,
    0xd, 0xf1, 0x0, 0x0,

    /* U+0030 "0" */
    0x0, 0x5d, 0xfe, 0x91, 0x0, 0x5f, 0xff, 0xff,
    0xc0, 0xd, 0xfb, 0x5, 0xff, 0x41, 0xff, 0x40,
    0xd, 0xf8, 0x3f, 0xf2, 0x0, 0xaf, 0xa4, 0xff,
    0x10, 0xa, 0xfb, 0x3f, 0xf2, 0x0, 0xaf, 0xa1,
    0xff, 0x40, 0xd, 0xf8, 0xd, 0xfb, 0x5, 0xff,
    0x40, 0x5f, 0xff, 0xff, 0xc0, 0x0, 0x5d, 0xfe,
    0x91, 0x0,

    /* U+0031 "1" */
    0x1, 0x9f, 0xf3, 0x2f, 0xff, 0xf3, 0x4f, 0xbf,
    0xf3, 0x12, 0x3f, 0xf3, 0x0, 0x3f, 0xf3, 0x0,
    0x3f, 0xf3, 0x0, 0x3f, 0xf3, 0x0, 0x3f, 0xf3,
    0x0, 0x3f, 0xf3, 0x0, 0x3f, 0xf3, 0x0, 0x3f,
    0xf3,

    /* U+0032 "2" */
    0x1, 0x9e, 0xfd, 0x91, 0x0, 0xef, 0xff, 0xff,
    0xd0, 0xc, 0x62, 0x29, 0xff, 0x50, 0x0, 0x0,
    0xf, 0xf5, 0x0, 0x0, 0x4, 0xff, 0x20, 0x0,
    0x1, 0xdf, 0x90, 0x0, 0x1, 0xdf, 0xc0, 0x0,
    0x1, 0xdf, 0xc0, 0x0, 0x3, 0xef, 0xa0, 0x0,
    0x1, 0xff, 0xff, 0xff, 0xf7, 0x2f, 0xff, 0xff,
    0xff, 0x70,

    /* U+0033 "3" */
    0x3b, 0xef, 0xd9, 0x10, 0x9f, 0xff, 0xff, 0xb0,
    0x43, 0x0, 0x8f, 0xf0, 0x0, 0x1, 0x9f, 0xd0,
    0xb, 0xff, 0xfd, 0x30, 0x9, 0xde, 0xfe, 0x50,
    0x0, 0x0, 0x5f, 0xf2, 0x0, 0x0, 0xf, 0xf6,
    0x94, 0x10, 0x7f, 0xf5, 0xef, 0xff, 0xff, 0xc0,
    0x6b, 0xef, 0xd8, 0x0,

    /* U+0034 "4" */
    0x0, 0x0, 0x7f, 0xfb, 0x0, 0x0, 0x1f, 0xff,
    0xb0, 0x0, 0x9, 0xff, 0xfb, 0x0, 0x3, 0xfd,
    0xaf, 0xb0, 0x0, 0xcf, 0x49, 0xfb, 0x0, 0x5f,
    0xb0, 0x9f, 0xb0, 0xe, 0xf2, 0x9, 0xfb, 0x6,
    0xff, 0xff, 0xff, 0xfd, 0x6f, 0xff, 0xff, 0xff,
    0xc0, 0x0, 0x0, 0xaf, 0xb0, 0x0, 0x0, 0xa,
    0xfb, 0x0,

    /* U+0035 "5" */
    0x6f, 0xff, 0xff, 0xf0, 0x7f, 0xff, 0xff, 0xe0,
    0x7f, 0xe0, 0x0, 0x0, 0x8f, 0xe3, 0x20, 0x0,
    0x8f, 0xff, 0xfe, 0x50, 0x68, 0x55, 0xcf, 0xf2,
    0x0, 0x0, 0xe, 0xf8, 0x0, 0x0, 0xd, 0xf9,
    0x83, 0x0, 0x7f, 0xf6, 0xff, 0xff, 0xff, 0xc0,
    0x8c, 0xef, 0xe8, 0x0,

    /* U+0036 "6" */
    0x0, 0x18, 0xdf, 0xeb, 0x0, 0x1d, 0xff, 0xff,
    0xf0, 0x9, 0xfc, 0x30, 0x2, 0x0, 0xff, 0xbe,
    0xfd, 0x50, 0x2f, 0xff, 0xde, 0xff, 0x23, 0xff,
    0x90, 0xe, 0xf8, 0x3f, 0xf4, 0x0, 0xaf, 0xa1,
    0xff, 0x40, 0xb, 0xfa, 0xc, 0xfb, 0x2, 0xff,
    0x60, 0x5f, 0xff, 0xff, 0xd0, 0x0, 0x6d, 0xfe,
    0xa1, 0x0,

    /* U+0037 "7" */
    0x2f, 0xff, 0xff, 0xff, 0x92, 0xff, 0xff, 0xff,
    0xf9, 0x0, 0x0, 0x6, 0xfe, 0x10, 0x0, 0x1,
    0xff, 0x50, 0x0, 0x0, 0xaf, 0xb0, 0x0, 0x0,
    0x2f, 0xf3, 0x0, 0x0, 0x8, 0xfd, 0x0, 0x0,
    0x0, 0xdf, 0x80, 0x0, 0x0, 0x2f, 0xf3, 0x0,
    0x0, 0x5, 0xff, 0x0, 0x0, 0x0, 0x8f, 0xd0,
    0x0, 0x0,

    /* U+0038 "8" */
    0x0, 0x8d, 0xfe, 0xb3, 0x0, 0xaf, 0xff, 0xff,
    0xf2, 0xe, 0xf7, 0x1, 0xff, 0x60, 0xbf, 0xb5,
    0x7f, 0xf2, 0x1, 0xbf, 0xff, 0xe4, 0x0, 0x6f,
    0xff, 0xff, 0xb0, 0x1f, 0xf8, 0x3, 0xef, 0x84,
    0xff, 0x10, 0xa, 0xfb, 0x3f, 0xf7, 0x2, 0xef,
    0xa0, 0xcf, 0xff, 0xff, 0xf3, 0x1, 0x8d, 0xfe,
    0xb3, 0x0,

    /* U+0039 "9" */
    0x0, 0x7d, 0xfe, 0x91, 0x0, 0xaf, 0xff, 0xff,
    0xc0, 0x1f, 0xf7, 0x4, 0xff, 0x33, 0xff, 0x10,
    0xd, 0xf8, 0x2f, 0xf4, 0x1, 0xff, 0x90, 0xdf,
    0xfd, 0xff, 0xfa, 0x2, 0xbe, 0xfb, 0xef, 0x90,
    0x0, 0x0, 0x1f, 0xf5, 0x3, 0x10, 0x2c, 0xff,
    0x10, 0x8f, 0xff, 0xff, 0x50, 0x6, 0xef, 0xeb,
    0x30, 0x0,

    /* U+003A ":" */
    0x1f, 0xf8, 0x1f, 0xf8, 0xa, 0xa5, 0x0, 0x0,
    0x0, 0x0, 0x0, 0x0, 0xa, 0xa5, 0x1f, 0xf8,
    0x1f, 0xf8,

    /* U+003B ";" */
    0x1, 0xff, 0x90, 0x1f, 0xf9, 0x0, 0xaa, 0x60,
    0x0, 0x0, 0x0, 0x0, 0x0, 0x0, 0x0, 0x0,
    0xcd, 0x40, 0x3f, 0xf0, 0x7, 0xfa, 0x0, 0xcf,
    0x30, 0x1f, 0xd0, 0x0,

    /* U+003C "<" */
    0x0, 0x0, 0x0, 0x0, 0x0, 0x0, 0x0, 0x2,
    0x8b, 0x0, 0x0, 0x4b, 0xff, 0xc0, 0x17, 0xdf,
    0xfe, 0x82, 0x6f, 0xff, 0xb5, 0x0, 0x8, 0xfc,
    0x20, 0x0, 0x0, 0x8f, 0xfd, 0x71, 0x0, 0x0,
    0x4b, 0xff, 0xfa, 0x40, 0x0, 0x2, 0x8e, 0xff,
    0xb0, 0x0, 0x0, 0x6, 0xcc, 0x0, 0x0, 0x0,
    0x0, 0x20,

    /* U+003D "=" */
    0x8f, 0xff, 0xff, 0xff, 0xc8, 0xff, 0xff, 0xff,
    0xfc, 0x13, 0x33, 0x33, 0x33, 0x20, 0x0, 0x0,
    0x0, 0x0, 0x8f, 0xff, 0xff, 0xff, 0xc8, 0xff,
    0xff, 0xff, 0xfc, 0x12, 0x22, 0x22, 0x22, 0x20,

    /* U+003E ">" */
    0x0, 0x0, 0x0, 0x0, 0x8, 0xa3, 0x0, 0x0,
    0x0, 0x8f, 0xfd, 0x60, 0x0, 0x1, 0x6d, 0xff,
    0xf9, 0x20, 0x0, 0x3, 0x9f, 0xff, 0xa0, 0x0,
    0x0, 0x9, 0xfc, 0x0, 0x0, 0x5c, 0xff, 0xc0,
    0x29, 0xef, 0xfd, 0x60, 0x7f, 0xff, 0xa3, 0x0,
    0x8, 0xe7, 0x10, 0x0, 0x0, 0x10, 0x0, 0x0,
    0x0, 0x0,

    /* U+003F "?" */
    0x4e, 0xff, 0xe9, 0x6, 0xff, 0xff, 0xf8, 0x12,
    0x12, 0xef, 0xb0, 0x0, 0xd, 0xfa, 0x0, 0x7,
    0xff, 0x40, 0x7, 0xff, 0x50, 0x0, 0xcf, 0x50,
    0x0, 0x4, 0x50, 0x0, 0x1, 0xaa, 0x40, 0x0,
    0x2f, 0xf7, 0x0, 0x2, 0xff, 0x70, 0x0,

    /* U+0040 "@" */
    0x0, 0x0, 0x5b, 0xef, 0xeb, 0x50, 0x0, 0x0,
    0x1b, 0xff, 0xfe, 0xff, 0xfa, 0x0, 0x0, 0xdf,
    0xc3, 0x0, 0x4, 0xdf, 0x70, 0x8, 0xfb, 0x3,
    0xaa, 0x6c, 0x3f, 0xe0, 0xe, 0xf1, 0x4f, 0xff,
    0xff, 0xb, 0xf1, 0x4f, 0xb0, 0xdf, 0x53, 0xfd,
    0x9, 0xf2, 0x5f, 0x91, 0xfd, 0x2, 0xfa, 0xa,
    0xf1, 0x6f, 0x82, 0xfb, 0x6, 0xf9, 0xe, 0xd0,
    0x4f, 0xb0, 0xff, 0x9f, 0xfe, 0xbf, 0x60, 0xf,
    0xf2, 0x5e, 0xe9, 0x5e, 0xe8, 0x0, 0x8, 0xfe,
    0x50, 0x0, 0x0, 0x0, 0x0, 0x0, 0xaf, 0xff,
    0xd3, 0x0, 0x0, 0x0, 0x0, 0x4, 0xad, 0xf3,
    0x0, 0x0, 0x0,

    /* U+0041 "A" */
    0x0, 0x8, 0xff, 0xff, 0x20, 0x0, 0x0, 0xd,
    0xfe, 0xff, 0x70, 0x0, 0x0, 0x2f, 0xf7, 0xef,
    0xb0, 0x0, 0x0, 0x7f, 0xf3, 0x9f, 0xf0, 0x0,
    0x0, 0xbf, 0xe0, 0x5f, 0xf5, 0x0, 0x0, 0xff,
    0xa0, 0x1f, 0xf9, 0x0, 0x5, 0xff, 0xff, 0xff,
    0xfe, 0x0, 0x9, 0xff, 0xff, 0xff, 0xff, 0x30,
    0xe, 0xfd, 0x0, 0x4, 0xff, 0x80, 0x3f, 0xf9,
    0x0, 0x0, 0xff, 0xc0, 0x7f, 0xf4, 0x0, 0x0,
    0xbf, 0xf1,

    /* U+0042 "B" */
    0xf, 0xff, 0xff, 0xfc, 0x40, 0x0, 0xff, 0xdb,
    0xbf, 0xff, 0x20, 0xf, 0xf9, 0x0, 0x6f, 0xf6,
    0x0, 0xff, 0x90, 0x5, 0xff, 0x40, 0xf, 0xfd,
    0x99, 0xef, 0x80, 0x0, 0xff, 0xff, 0xff, 0xfc,
    0x10, 0xf, 0xf9, 0x0, 0x3e, 0xfc, 0x0, 0xff,
    0x90, 0x0, 0x9f, 0xf1, 0xf, 0xf9, 0x0, 0x2e,
    0xff, 0x0, 0xff, 0xff, 0xff, 0xff, 0x90, 0xf,
    0xff, 0xff, 0xfd, 0x70, 0x0,

    /* U+0043 "C" */
    0x0, 0x3, 0x9d, 0xfe, 0xd9, 0x0, 0x9, 0xff,
    0xff, 0xff, 0xf2, 0x7, 0xff, 0xe5, 0x21, 0x26,
    0x10, 0xef, 0xe1, 0x0, 0x0, 0x0, 0x3f, 0xf8,
    0x0, 0x0, 0x0, 0x5, 0xff, 0x60, 0x0, 0x0,
    0x0, 0x4f, 0xf8, 0x0, 0x0, 0x0, 0x0, 0xff,
    0xe2, 0x0, 0x0, 0x0, 0x8, 0xff, 0xe6, 0x21,
    0x38, 0x10, 0x9, 0xff, 0xff, 0xff, 0xf2, 0x0,
    0x3, 0x9d, 0xff, 0xe9, 0x0,

    /* U+0044 "D" */
    0xf, 0xff, 0xff, 0xe9, 0x20, 0x0, 0xff, 0xff,
    0xff, 0xff, 0x40, 0xf, 0xf9, 0x1, 0x7f, 0xfe,
    0x0, 0xff, 0x90, 0x0, 0x9f, 0xf5, 0xf, 0xf9,
    0x0, 0x3, 0xff, 0x80, 0xff, 0x90, 0x0, 0x2f,
    0xf9, 0xf, 0xf9, 0x0, 0x3, 0xff, 0x80, 0xff,
    0x90, 0x0, 0x9f, 0xf5, 0xf, 0xf9, 0x0, 0x7f,
    0xfe, 0x0, 0xff, 0xff, 0xff, 0xff, 0x40, 0xf,
    0xff, 0xff, 0xea, 0x20, 0x0,

    /* U+0045 "E" */
    0xf, 0xff, 0xff, 0xff, 0xd0, 0xff, 0xff, 0xff,
    0xfd, 0xf, 0xfa, 0x33, 0x33, 0x20, 0xff, 0x90,
    0x0, 0x0, 0xf, 0xff, 0xff, 0xff, 0x20, 0xff,
    0xff, 0xff, 0xf2, 0xf, 0xf9, 0x11, 0x11, 0x0,
    0xff, 0x90, 0x0, 0x0, 0xf, 0xfa, 0x33, 0x33,
    0x20, 0xff, 0xff, 0xff, 0xfd, 0xf, 0xff, 0xff,
    0xff, 0xd0,

    /* U+0046 "F" */
    0xf, 0xff, 0xff, 0xff, 0x60, 0xff, 0xff, 0xff,
    0xf6, 0xf, 0xfa, 0x33, 0x33, 0x10, 0xff, 0x90,
    0x0, 0x0, 0xf, 0xff, 0xff, 0xfb, 0x0, 0xff,
    0xff, 0xff, 0xb0, 0xf, 0xf9, 0x0, 0x0, 0x0,
    0xff, 0x90, 0x0, 0x0, 0xf, 0xf9, 0x0, 0x0,
    0x0, 0xff, 0x90, 0x0, 0x0, 0xf, 0xf9, 0x0,
    0x0, 0x0,

    /* U+0047 "G" */
    0x0, 0x2, 0x9d, 0xfe, 0xd9, 0x0, 0x7, 0xff,
    0xff, 0xff, 0xf2, 0x5, 0xff, 0xd5, 0x10, 0x14,
    0x0, 0xef, 0xd0, 0x0, 0x0, 0x0, 0x3f, 0xf6,
    0x0, 0xf, 0xff, 0x75, 0xff, 0x40, 0x0, 0xff,
    0xf7, 0x4f, 0xf6, 0x0, 0x0, 0xcf, 0x70, 0xff,
    0xd0, 0x0, 0xc, 0xf7, 0x7, 0xff, 0xd6, 0x32,
    0xcf, 0x70, 0x9, 0xff, 0xff, 0xff, 0xf7, 0x0,
    0x3, 0x9d, 0xff, 0xe9, 0x20,

    /* U+0048 "H" */
    0xf, 0xf9, 0x0, 0x1, 0xff, 0x80, 0xff, 0x90,
    0x0, 0x1f, 0xf8, 0xf, 0xf9, 0x0, 0x1, 0xff,
    0x80, 0xff, 0x90, 0x0, 0x1f, 0xf8, 0xf, 0xff,
    0xff, 0xff, 0xff, 0x80, 0xff, 0xff, 0xff, 0xff,
    0xf8, 0xf, 0xfa, 0x33, 0x34, 0xff, 0x80, 0xff,
    0x90, 0x0, 0x1f, 0xf8, 0xf, 0xf9, 0x0, 0x1,
    0xff, 0x80, 0xff, 0x90, 0x0, 0x1f, 0xf8, 0xf,
    0xf9, 0x0, 0x1, 0xff, 0x80,

    /* U+0049 "I" */
    0xff, 0xaf, 0xfa, 0xff, 0xaf, 0xfa, 0xff, 0xaf,
    0xfa, 0xff, 0xaf, 0xfa, 0xff, 0xaf, 0xfa, 0xff,
    0xa0,

    /* U+004A "J" */
    0x0, 0x5f, 0xf5, 0x0, 0x5f, 0xf5, 0x0, 0x5f,
    0xf5, 0x0, 0x5f, 0xf5, 0x0, 0x5f, 0xf5, 0x0,
    0x5f, 0xf5, 0x0, 0x5f, 0xf5, 0x0, 0x5f, 0xf5,
    0x0, 0x5f, 0xf5, 0x0, 0x5f, 0xf4, 0x0, 0x7f,
    0xf3, 0x17, 0xef, 0xf0, 0x5f, 0xff, 0x70, 0x4f,
    0xc5, 0x0,

    /* U+004B "K" */
    0xf, 0xf9, 0x0, 0x2f, 0xfc, 0x0, 0xff, 0x90,
    0xd, 0xfe, 0x10, 0xf, 0xf9, 0xa, 0xff, 0x40,
    0x0, 0xff, 0x96, 0xff, 0x70, 0x0, 0xf, 0xff,
    0xff, 0xb0, 0x0, 0x0, 0xff, 0xff, 0xfc, 0x0,
    0x0, 0xf, 0xfa, 0x4f, 0xfb, 0x0, 0x0, 0xff,
    0x90, 0x4f, 0xf8, 0x0, 0xf, 0xf9, 0x0, 0x8f,
    0xf3, 0x0, 0xff, 0x90, 0x0, 0xdf, 0xd0, 0xf,
    0xf9, 0x0, 0x4, 0xff, 0x70,

    /* U+004C "L" */
    0xf, 0xf9, 0x0, 0x0, 0x0, 0xff, 0x90, 0x0,
    0x0, 0xf, 0xf9, 0x0, 0x0, 0x0, 0xff, 0x90,
    0x0, 0x0, 0xf, 0xf9, 0x0, 0x0, 0x0, 0xff,
    0x90, 0x0, 0x0, 0xf, 0xf9, 0x0, 0x0, 0x0,
    0xff, 0x90, 0x0, 0x0, 0xf, 0xfa, 0x33, 0x33,
    0x0, 0xff, 0xff, 0xff, 0xf2, 0xf, 0xff, 0xff,
    0xff, 0x20,

    /* U+004D "M" */
    0xf, 0xff, 0xfa, 0x0, 0x7f, 0xff, 0xf4, 0xf,
    0xff, 0xfd, 0x0, 0xaf, 0xff, 0xf4, 0xf, 0xfc,
    0xff, 0x0, 0xdf, 0xcf, 0xf4, 0xf, 0xf8, 0xff,
    0x30, 0xff, 0x8f, 0xf4, 0xf, 0xf8, 0xdf, 0x63,
    0xff, 0x5f, 0xf4, 0xf, 0xf8, 0x9f, 0x96, 0xfd,
    0x4f, 0xf4, 0xf, 0xf8, 0x6f, 0xc9, 0xf9, 0x4f,
    0xf4, 0xf, 0xf8, 0x3f, 0xfc, 0xf6, 0x4f, 0xf4,
    0xf, 0xf8, 0xf, 0xff, 0xf3, 0x4f, 0xf4, 0xf,
    0xf8, 0xc, 0xff, 0xf0, 0x4f, 0xf4, 0xf, 0xf8,
    0x8, 0xff, 0xc0, 0x4f, 0xf4,

    /* U+004E "N" */
    0xf, 0xff, 0xf5, 0x0, 0xff, 0xa0, 0xff, 0xff,
    0xa0, 0xf, 0xfa, 0xf, 0xfe, 0xfe, 0x0, 0xff,
    0xa0, 0xff, 0x9f, 0xf4, 0xf, 0xfa, 0xf, 0xf8,
    0xbf, 0x90, 0xff, 0xa0, 0xff, 0x86, 0xfe, 0xf,
    0xfa, 0xf, 0xf8, 0x1f, 0xf3, 0xff, 0xa0, 0xff,
    0x80, 0xcf, 0x7f, 0xfa, 0xf, 0xf8, 0x7, 0xfd,
    0xff, 0xa0, 0xff, 0x80, 0x2f, 0xff, 0xfa, 0xf,
    0xf8, 0x0, 0xdf, 0xff, 0xa0,

    /* U+004F "O" */
    0x0, 0x6, 0xbe, 0xfe, 0xa3, 0x0, 0x0, 0xb,
    0xff, 0xff, 0xff, 0xf7, 0x0, 0x8, 0xff, 0xb2,
    0x4, 0xef, 0xf3, 0x0, 0xff, 0xe0, 0x0, 0x4,
    0xff, 0xa0, 0x3f, 0xf9, 0x0, 0x0, 0xe, 0xfe,
    0x5, 0xff, 0x70, 0x0, 0x0, 0xcf, 0xf0, 0x4f,
    0xf8, 0x0, 0x0, 0xd, 0xff, 0x1, 0xff, 0xd0,
    0x0, 0x3, 0xff, 0xb0, 0xa, 0xff, 0xb2, 0x4,
    0xdf, 0xf5, 0x0, 0xc, 0xff, 0xff, 0xff, 0xf8,
    0x0, 0x0, 0x6, 0xce, 0xfe, 0xa4, 0x0, 0x0,

    /* U+0050 "P" */
    0xf, 0xff, 0xff, 0xfd, 0x60, 0x0, 0xff, 0xff,
    0xff, 0xff, 0x80, 0xf, 0xfa, 0x22, 0x3b, 0xff,
    0x0, 0xff, 0x90, 0x0, 0x4f, 0xf1, 0xf, 0xfa,
    0x22, 0x3b, 0xff, 0x0, 0xff, 0xff, 0xff, 0xff,
    0x80, 0xf, 0xff, 0xff, 0xfd, 0x60, 0x0, 0xff,
    0x90, 0x0, 0x0, 0x0, 0xf, 0xf9, 0x0, 0x0,
    0x0, 0x0, 0xff, 0x90, 0x0, 0x0, 0x0, 0xf,
    0xf9, 0x0, 0x0, 0x0, 0x0,

    /* U+0051 "Q" */
    0x0, 0x5, 0xbe, 0xfe, 0xa3, 0x0, 0x0, 0xa,
    0xff, 0xff, 0xff, 0xf7, 0x0, 0x7, 0xff, 0xa2,
    0x3, 0xcf, 0xf4, 0x0, 0xff, 0xc0, 0x0, 0x1,
    0xef, 0xc0, 0x3f, 0xf5, 0x0, 0x0, 0x8, 0xff,
    0x5, 0xff, 0x30, 0x0, 0x0, 0x6f, 0xf2, 0x4f,
    0xf4, 0x0, 0x0, 0x8, 0xff, 0x1, 0xff, 0xb0,
    0x0, 0x0, 0xdf, 0xd0, 0x9, 0xff, 0xa2, 0x3,
    0xcf, 0xf5, 0x0, 0xb, 0xff, 0xff, 0xff, 0xf8,
    0x0, 0x0, 0x5, 0xbe, 0xff, 0xf6, 0x0, 0x0,
    0x0, 0x0, 0x0, 0xbf, 0xb0, 0x0,

    /* U+0052 "R" */
    0xf, 0xff, 0xff, 0xfc, 0x50, 0x0, 0xff, 0xfd,
    0xde, 0xff, 0x50, 0xf, 0xf9, 0x0, 0x9, 0xfb,
    0x0, 0xff, 0x90, 0x0, 0x9f, 0xb0, 0xf, 0xff,
    0xee, 0xff, 0xf5, 0x0, 0xff, 0xff, 0xff, 0xd6,
    0x0, 0xf, 0xf9, 0x3f, 0xfa, 0x0, 0x0, 0xff,
    0x90, 0x6f, 0xf5, 0x0, 0xf, 0xf9, 0x0, 0xcf,
    0xe1, 0x0, 0xff, 0x90, 0x3, 0xff, 0x80, 0xf,
    0xf9, 0x0, 0xc, 0xff, 0x0,

    /* U+0053 "S" */
    0x1, 0xae, 0xfe, 0xc7, 0x0, 0xdf, 0xff, 0xff,
    0xd0, 0x3f, 0xf8, 0x1, 0x36, 0x3, 0xff, 0x60,
    0x0, 0x0, 0xc, 0xff, 0xb6, 0x0, 0x0, 0x7,
    0xdf, 0xff, 0x60, 0x0, 0x0, 0x3c, 0xff, 0x30,
    0x0, 0x0, 0xf, 0xf8, 0x6d, 0x73, 0x16, 0xff,
    0x76, 0xff, 0xff, 0xff, 0xf2, 0x6, 0xce, 0xff,
    0xb3, 0x0,

    /* U+0054 "T" */
    0xbf, 0xff, 0xff, 0xff, 0xbb, 0xff, 0xff, 0xff,
    0xfb, 0x23, 0x3d, 0xfd, 0x33, 0x20, 0x0, 0xdf,
    0xd0, 0x0, 0x0, 0xd, 0xfd, 0x0, 0x0, 0x0,
    0xdf, 0xd0, 0x0, 0x0, 0xd, 0xfd, 0x0, 0x0,
    0x0, 0xdf, 0xd0, 0x0, 0x0, 0xd, 0xfd, 0x0,
    0x0, 0x0, 0xdf, 0xd0, 0x0, 0x0, 0xd, 0xfd,
    0x0, 0x0,

    /* U+0055 "U" */
    0xf, 0xf9, 0x0, 0x0, 0xdf, 0xc0, 0xff, 0x90,
    0x0, 0xd, 0xfc, 0xf, 0xf9, 0x0, 0x0, 0xdf,
    0xc0, 0xff, 0x90, 0x0, 0xd, 0xfc, 0xf, 0xf9,
    0x0, 0x0, 0xdf, 0xc0, 0xff, 0x90, 0x0, 0xd,
    0xfc, 0xf, 0xf9, 0x0, 0x0, 0xdf, 0xc0, 0xff,
    0xd0, 0x0, 0x2f, 0xfb, 0xa, 0xff, 0xc5, 0x6e,
    0xff, 0x60, 0x1e, 0xff, 0xff, 0xff, 0xb0, 0x0,
    0x18, 0xdf, 0xfc, 0x60, 0x0,

    /* U+0056 "V" */
    0xbf, 0xf2, 0x0, 0x0, 0xaf, 0xf2, 0x6f, 0xf7,
    0x0, 0x0, 0xff, 0xd0, 0x1f, 0xfc, 0x0, 0x4,
    0xff, 0x80, 0xb, 0xff, 0x10, 0x8, 0xff, 0x30,
    0x6, 0xff, 0x50, 0xd, 0xfe, 0x0, 0x1, 0xff,
    0xa0, 0x2f, 0xf9, 0x0, 0x0, 0xcf, 0xe0, 0x6f,
    0xf4, 0x0, 0x0, 0x7f, 0xf3, 0xbf, 0xf0, 0x0,
    0x0, 0x2f, 0xf8, 0xff, 0xa0, 0x0, 0x0, 0xd,
    0xff, 0xff, 0x50, 0x0, 0x0, 0x8, 0xff, 0xff,
    0x0, 0x0,

    /* U+0057 "W" */
    0xaf, 0xf1, 0x0, 0xdf, 0xc0, 0x2, 0xff, 0x86,
    0xff, 0x40, 0xf, 0xff, 0x0, 0x5f, 0xf5, 0x2f,
    0xf7, 0x3, 0xff, 0xf2, 0x8, 0xff, 0x10, 0xef,
    0xa0, 0x6f, 0xff, 0x50, 0xbf, 0xd0, 0xa, 0xfd,
    0x9, 0xfa, 0xf8, 0xe, 0xf9, 0x0, 0x6f, 0xf0,
    0xcf, 0x4f, 0xb1, 0xff, 0x50, 0x2, 0xff, 0x4f,
    0xf0, 0xfe, 0x5f, 0xf1, 0x0, 0xe, 0xfa, 0xfc,
    0xd, 0xf9, 0xfd, 0x0, 0x0, 0xaf, 0xff, 0x90,
    0xaf, 0xff, 0x90, 0x0, 0x6, 0xff, 0xf6, 0x8,
    0xff, 0xf5, 0x0, 0x0, 0x2f, 0xff, 0x40, 0x5f,
    0xff, 0x10, 0x0,

    /* U+0058 "X" */
    0x6f, 0xf9, 0x0, 0x0, 0xef, 0xf2, 0xb, 0xff,
    0x50, 0xa, 0xff, 0x50, 0x1, 0xef, 0xe1, 0x5f,
    0xfa, 0x0, 0x0, 0x4f, 0xfc, 0xff, 0xd0, 0x0,
    0x0, 0x8, 0xff, 0xff, 0x30, 0x0, 0x0, 0x0,
    0xef, 0xfa, 0x0, 0x0, 0x0, 0x7, 0xff, 0xff,
    0x20, 0x0, 0x0, 0x3f, 0xfc, 0xef, 0xd0, 0x0,
    0x0, 0xdf, 0xf1, 0x6f, 0xf9, 0x0, 0x9, 0xff,
    0x60, 0xb, 0xff, 0x40, 0x5f, 0xfb, 0x0, 0x1,
    0xef, 0xe1,

    /* U+0059 "Y" */
    0x9f, 0xf5, 0x0, 0xe, 0xfe, 0x1, 0xef, 0xd0,
    0x7, 0xff, 0x50, 0x6, 0xff, 0x50, 0xef, 0xc0,
    0x0, 0xd, 0xfd, 0x7f, 0xf3, 0x0, 0x0, 0x4f,
    0xff, 0xfa, 0x0, 0x0, 0x0, 0xbf, 0xff, 0x20,
    0x0, 0x0, 0x3, 0xff, 0x90, 0x0, 0x0, 0x0,
    0x2f, 0xf8, 0x0, 0x0, 0x0, 0x2, 0xff, 0x80,
    0x0, 0x0, 0x0, 0x2f, 0xf8, 0x0, 0x0, 0x0,
    0x2, 0xff, 0x80, 0x0, 0x0,

    /* U+005A "Z" */
    0x3f, 0xff, 0xff, 0xff, 0xfd, 0x3f, 0xff, 0xff,
    0xff, 0xfd, 0x2, 0x22, 0x23, 0xdf, 0xf8, 0x0,
    0x0, 0x9, 0xff, 0xa0, 0x0, 0x0, 0x8f, 0xfb,
    0x0, 0x0, 0x7, 0xff, 0xc0, 0x0, 0x0, 0x5f,
    0xfd, 0x10, 0x0, 0x4, 0xff, 0xe2, 0x0, 0x0,
    0x3f, 0xff, 0x63, 0x33, 0x33, 0x7f, 0xff, 0xff,
    0xff, 0xff, 0x7f, 0xff, 0xff, 0xff, 0xff,

    /* U+005B "[" */
    0x56, 0x65, 0xef, 0xff, 0xef, 0xff, 0xef, 0x70,
    0xef, 0x70, 0xef, 0x70, 0xef, 0x70, 0xef, 0x70,
    0xef, 0x70, 0xef, 0x70, 0xef, 0x70, 0xef, 0x70,
    0xef, 0x70, 0xef, 0xa5, 0xef, 0xff, 0xef, 0xff,

    /* U+005C "\\" */
    0x9f, 0x70, 0x0, 0x0, 0x2f, 0xd0, 0x0, 0x0,
    0xc, 0xf4, 0x0, 0x0, 0x6, 0xfa, 0x0, 0x0,
    0x0, 0xff, 0x10, 0x0, 0x0, 0x9f, 0x70, 0x0,
    0x0, 0x2f, 0xd0, 0x0, 0x0, 0xc, 0xf4, 0x0,
    0x0, 0x6, 0xfa, 0x0, 0x0, 0x0, 0xff, 0x10,
    0x0, 0x0, 0x9f, 0x70, 0x0, 0x0, 0x2f, 0xd0,
    0x0, 0x0, 0xc, 0xf4, 0x0, 0x0, 0x6, 0xfa,

    /* U+005D "]" */
    0x46, 0x66, 0x1a, 0xff, 0xf2, 0xaf, 0xff, 0x20,
    0x2f, 0xf2, 0x2, 0xff, 0x20, 0x2f, 0xf2, 0x2,
    0xff, 0x20, 0x2f, 0xf2, 0x2, 0xff, 0x20, 0x2f,
    0xf2, 0x2, 0xff, 0x20, 0x2f, 0xf2, 0x2, 0xff,
    0x23, 0x7f, 0xf2, 0xaf, 0xff, 0x2a, 0xff, 0xf2,

    /* U+005E "^" */
    0x0, 0xd, 0xff, 0x10, 0x0, 0x3, 0xff, 0xf7,
    0x0, 0x0, 0xaf, 0x6f, 0xe0, 0x0, 0x1f, 0xe0,
    0xaf, 0x50, 0x7, 0xf9, 0x4, 0xfb, 0x0, 0xdf,
    0x30, 0xe, 0xf2,

    /* U+005F "_" */
    0xaa, 0xaa, 0xaa, 0xaa, 0xff, 0xff, 0xff, 0xff,

    /* U+0060 "`" */
    0x4, 0x42, 0x0, 0x3f, 0xe1, 0x0, 0x3f, 0xa0,

    /* U+0061 "a" */
    0x0, 0x7d, 0xfc, 0xaf, 0xf1, 0x9, 0xff, 0xff,
    0xff, 0xf1, 0x2f, 0xfb, 0x0, 0x8f, 0xf1, 0x6f,
    0xf2, 0x0, 0x4f, 0xf1, 0x7f, 0xf0, 0x0, 0x4f,
    0xf1, 0x6f, 0xf1, 0x0, 0x4f, 0xf1, 0x2f, 0xf9,
    0x0, 0x6f, 0xf1, 0x9, 0xff, 0xcb, 0xff, 0xf2,
    0x0, 0x7d, 0xfe, 0x9f, 0xf4,

    /* U+0062 "b" */
    0x3f, 0xf5, 0x0, 0x0, 0x0, 0x3f, 0xf5, 0x0,
    0x0, 0x0, 0x3f, 0xf5, 0x0, 0x0, 0x0, 0x3f,
    0xf5, 0x0, 0x0, 0x0, 0x3f, 0xf9, 0xcf, 0xd6,
    0x0, 0x3f, 0xff, 0xff, 0xff, 0x70, 0x3f, 0xf7,
    0x1, 0xcf, 0xf1, 0x3f, 0xf1, 0x0, 0x3f, 0xf5,
    0x3f, 0xf1, 0x0, 0xf, 0xf6, 0x3f, 0xf1, 0x0,
    0x2f, 0xf5, 0x3f, 0xf4, 0x0, 0xbf, 0xf1, 0x3f,
    0xff, 0xbd, 0xff, 0x80, 0x6f, 0xf9, 0xef, 0xd6,
    0x0,

    /* U+0063 "c" */
    0x0, 0x3a, 0xef, 0xe9, 0x5, 0xff, 0xff, 0xfe,
    0x1f, 0xfd, 0x41, 0x14, 0x6f, 0xf3, 0x0, 0x0,
    0x7f, 0xf0, 0x0, 0x0, 0x6f, 0xf3, 0x0, 0x0,
    0x1f, 0xff, 0x61, 0x27, 0x5, 0xff, 0xff, 0xff,
    0x0, 0x2a, 0xef, 0xea,

    /* U+0064 "d" */
    0x0, 0x0, 0x0, 0x7f, 0xf1, 0x0, 0x0, 0x0,
    0x7f, 0xf1, 0x0, 0x0, 0x0, 0x7f, 0xf1, 0x0,
    0x0, 0x0, 0x7f, 0xf1, 0x0, 0x7d, 0xfc, 0xaf,
    0xf1, 0x9, 0xff, 0xff, 0xff, 0xf1, 0x2f, 0xfb,
    0x0, 0x8f, 0xf1, 0x6f, 0xf2, 0x0, 0x2f, 0xf1,
    0x7f, 0xf0, 0x0, 0x2f, 0xf1, 0x6f, 0xf1, 0x0,
    0x2f, 0xf1, 0x2f, 0xf9, 0x0, 0x5f, 0xf1, 0x9,
    0xff, 0xcb, 0xff, 0xf2, 0x0, 0x7d, 0xfd, 0x9f,
    0xf4,

    /* U+0065 "e" */
    0x0, 0x7d, 0xff, 0xb4, 0x0, 0x9, 0xff, 0xef,
    0xff, 0x50, 0x2f, 0xf7, 0x0, 0x9f, 0xe0, 0x6f,
    0xfd, 0xdd, 0xdf, 0xf2, 0x7f, 0xff, 0xff, 0xff,
    0xf3, 0x6f, 0xf2, 0x0, 0x0, 0x0, 0x1f, 0xfc,
    0x10, 0x4, 0x70, 0x7, 0xff, 0xff, 0xff, 0xa0,
    0x0, 0x4b, 0xef, 0xeb, 0x40,

    /* U+0066 "f" */
    0x0, 0x8e, 0xff, 0x0, 0x3f, 0xff, 0xf1, 0x5,
    0xff, 0x50, 0x0, 0x6f, 0xf3, 0x0, 0xef, 0xff,
    0xff, 0x4e, 0xff, 0xff, 0xf4, 0x6, 0xff, 0x30,
    0x0, 0x6f, 0xf3, 0x0, 0x6, 0xff, 0x30, 0x0,
    0x6f, 0xf3, 0x0, 0x6, 0xff, 0x30, 0x0, 0x6f,
    0xf3, 0x0, 0x6, 0xff, 0x30, 0x0,

    /* U+0067 "g" */
    0x0, 0x7d, 0xfc, 0xaf, 0xf0, 0x9, 0xff, 0xff,
    0xff, 0xf0, 0x2f, 0xfb, 0x0, 0x8f, 0xf0, 0x6f,
    0xf1, 0x0, 0x2f, 0xf0, 0x7f, 0xf0, 0x0, 0x2f,
    0xf0, 0x6f, 0xf1, 0x0, 0x2f, 0xf0, 0x2f, 0xfb,
    0x0, 0x8f, 0xf0, 0x9, 0xff, 0xff, 0xff, 0xf0,
    0x0, 0x7d, 0xfd, 0xcf, 0xf0, 0x0, 0x0, 0x0,
    0xbf, 0xf0, 0x1a, 0x65, 0x49, 0xff, 0xd0, 0x2f,
    0xff, 0xff, 0xff, 0x50, 0x1a, 0xde, 0xff, 0xb4,
    0x0,

    /* U+0068 "h" */
    0x3f, 0xf5, 0x0, 0x0, 0x3, 0xff, 0x50, 0x0,
    0x0, 0x3f, 0xf5, 0x0, 0x0, 0x3, 0xff, 0x50,
    0x0, 0x0, 0x3f, 0xf7, 0xae, 0xe9, 0x3, 0xff,
    0xff, 0xff, 0xf7, 0x3f, 0xfa, 0x13, 0xff, 0xb3,
    0xff, 0x50, 0xd, 0xfc, 0x3f, 0xf5, 0x0, 0xdf,
    0xc3, 0xff, 0x50, 0xd, 0xfc, 0x3f, 0xf5, 0x0,
    0xdf, 0xc3, 0xff, 0x50, 0xd, 0xfc, 0x3f, 0xf5,
    0x0, 0xdf, 0xc0,

    /* U+0069 "i" */
    0xff, 0x9f, 0xf9, 0x99, 0x50, 0x0, 0xff, 0x9f,
    0xf9, 0xff, 0x9f, 0xf9, 0xff, 0x9f, 0xf9, 0xff,
    0x9f, 0xf9, 0xff, 0x90,

    /* U+006A "j" */
    0x0, 0x4f, 0xf4, 0x0, 0x4f, 0xf4, 0x0, 0x29,
    0x92, 0x0, 0x0, 0x0, 0x0, 0x4f, 0xf4, 0x0,
    0x4f, 0xf4, 0x0, 0x4f, 0xf4, 0x0, 0x4f, 0xf4,
    0x0, 0x4f, 0xf4, 0x0, 0x4f, 0xf4, 0x0, 0x4f,
    0xf4, 0x0, 0x4f, 0xf4, 0x0, 0x4f, 0xf4, 0x0,
    0x6f, 0xf3, 0x4, 0xdf, 0xf0, 0x5f, 0xff, 0x80,
    0x4f, 0xc6, 0x0,

    /* U+006B "k" */
    0x3f, 0xf5, 0x0, 0x0, 0x3, 0xff, 0x50, 0x0,
    0x0, 0x3f, 0xf5, 0x0, 0x0, 0x3, 0xff, 0x50,
    0x0, 0x0, 0x3f, 0xf5, 0x9, 0xff, 0x13, 0xff,
    0x54, 0xff, 0x50, 0x3f, 0xf6, 0xdf, 0xa0, 0x3,
    0xff, 0xff, 0xe1, 0x0, 0x3f, 0xff, 0xfe, 0x20,
    0x3, 0xff, 0x6b, 0xfd, 0x0, 0x3f, 0xf5, 0x1f,
    0xf7, 0x3, 0xff, 0x50, 0x7f, 0xe0, 0x3f, 0xf5,
    0x1, 0xff, 0x60,

    /* U+006C "l" */
    0x3f, 0xf5, 0x3, 0xff, 0x50, 0x3f, 0xf5, 0x3,
    0xff, 0x50, 0x3f, 0xf5, 0x3, 0xff, 0x50, 0x3f,
    0xf5, 0x3, 0xff, 0x50, 0x3f, 0xf5, 0x3, 0xff,
    0x60, 0x1f, 0xfb, 0x20, 0xcf, 0xfe, 0x2, 0xbf,
    0xe0,

    /* U+006D "m" */
    0x3f, 0xf7, 0xae, 0xf8, 0x3b, 0xfe, 0x60, 0x3f,
    0xff, 0xff, 0xff, 0xff, 0xff, 0xf2, 0x3f, 0xfa,
    0x13, 0xff, 0xb0, 0x6f, 0xf5, 0x3f, 0xf5, 0x0,
    0xff, 0x90, 0x2f, 0xf6, 0x3f, 0xf5, 0x0, 0xff,
    0x90, 0x2f, 0xf6, 0x3f, 0xf5, 0x0, 0xff, 0x90,
    0x2f, 0xf6, 0x3f, 0xf5, 0x0, 0xff, 0x90, 0x2f,
    0xf6, 0x3f, 0xf5, 0x0, 0xff, 0x90, 0x2f, 0xf6,
    0x3f, 0xf5, 0x0, 0xff, 0x90, 0x2f, 0xf6,

    /* U+006E "n" */
    0x3f, 0xf6, 0x9e, 0xfa, 0x13, 0xff, 0xff, 0xff,
    0xf9, 0x3f, 0xfb, 0x21, 0xdf, 0xd3, 0xff, 0x50,
    0xa, 0xfe, 0x3f, 0xf5, 0x0, 0xaf, 0xe3, 0xff,
    0x50, 0xa, 0xfe, 0x3f, 0xf5, 0x0, 0xaf, 0xe3,
    0xff, 0x50, 0xa, 0xfe, 0x3f, 0xf5, 0x0, 0xaf,
    0xe0,

    /* U+006F "o" */
    0x0, 0x6c, 0xff, 0xc6, 0x0, 0x9, 0xff, 0xff,
    0xff, 0x90, 0x2f, 0xfa, 0x0, 0xaf, 0xf3, 0x6f,
    0xf2, 0x0, 0x1f, 0xf7, 0x7f, 0xf0, 0x0, 0xf,
    0xf8, 0x6f, 0xf3, 0x0, 0x2f, 0xf6, 0x1f, 0xfb,
    0x0, 0xbf, 0xf1, 0x7, 0xff, 0xff, 0xff, 0x70,
    0x0, 0x5c, 0xff, 0xc5, 0x0,

    /* U+0070 "p" */
    0x3f, 0xf9, 0xbf, 0xe9, 0x0, 0x3f, 0xff, 0xdc,
    0xff, 0xc0, 0x3f, 0xf9, 0x0, 0x6f, 0xf5, 0x3f,
    0xf5, 0x0, 0xd, 0xf9, 0x3f, 0xf5, 0x0, 0xb,
    0xfb, 0x3f, 0xf5, 0x0, 0xe, 0xfa, 0x3f, 0xfb,
    0x0, 0x9f, 0xf5, 0x3f, 0xff, 0xff, 0xff, 0xc0,
    0x3f, 0xf9, 0xbf, 0xe9, 0x0, 0x3f, 0xf5, 0x0,
    0x0, 0x0, 0x3f, 0xf4, 0x0, 0x0, 0x0, 0x4f,
    0xf3, 0x0, 0x0, 0x0, 0x6f, 0xf2, 0x0, 0x0,
    0x0,

    /* U+0071 "q" */
    0x0, 0x7d, 0xfc, 0x5f, 0xf6, 0x9, 0xff, 0xff,
    0xff, 0xf6, 0x2f, 0xfb, 0x0, 0x8f, 0xf6, 0x6f,
    0xf1, 0x0, 0x2f, 0xf6, 0x7f, 0xf0, 0x0, 0x2f,
    0xf6, 0x6f, 0xf1, 0x0, 0x2f, 0xf6, 0x2f, 0xfb,
    0x0, 0x8f, 0xf6, 0x9, 0xff, 0xff, 0xff, 0xf6,
    0x0, 0x7d, 0xfd, 0x7f, 0xf6, 0x0, 0x0, 0x0,
    0x2f, 0xf6, 0x0, 0x0, 0x0, 0x1f, 0xf7, 0x0,
    0x0, 0x0, 0xf, 0xf7, 0x0, 0x0, 0x0, 0xe,
    0xf9,

    /* U+0072 "r" */
    0x3f, 0xf8, 0xbf, 0x33, 0xff, 0xff, 0xf4, 0x3f,
    0xfb, 0x20, 0x3, 0xff, 0x50, 0x0, 0x3f, 0xf5,
    0x0, 0x3, 0xff, 0x50, 0x0, 0x3f, 0xf5, 0x0,
    0x3, 0xff, 0x50, 0x0, 0x3f, 0xf5, 0x0, 0x0,

    /* U+0073 "s" */
    0x4, 0xcf, 0xfd, 0x60, 0x2f, 0xff, 0xff, 0xa0,
    0x6f, 0xf3, 0x2, 0x40, 0x3f, 0xfd, 0x60, 0x0,
    0x5, 0xef, 0xff, 0x60, 0x0, 0x3, 0xbf, 0xf2,
    0x69, 0x31, 0x6f, 0xf3, 0x7f, 0xff, 0xff, 0xe0,
    0x29, 0xde, 0xfc, 0x30,

    /* U+0074 "t" */
    0x8, 0xfe, 0x0, 0x8, 0xfe, 0x0, 0xcf, 0xff,
    0xf8, 0xcf, 0xff, 0xf8, 0x8, 0xfe, 0x0, 0x8,
    0xfe, 0x0, 0x8, 0xfe, 0x0, 0x8, 0xfe, 0x0,
    0x8, 0xff, 0x10, 0x6, 0xff, 0xf7, 0x0, 0xbf,
    0xf7,

    /* U+0075 "u" */
    0x3f, 0xf5, 0x0, 0xaf, 0xe0, 0x3f, 0xf5, 0x0,
    0xaf, 0xe0, 0x3f, 0xf5, 0x0, 0xaf, 0xe0, 0x3f,
    0xf5, 0x0, 0xaf, 0xe0, 0x3f, 0xf5, 0x0, 0xaf,
    0xe0, 0x3f, 0xf5, 0x0, 0xaf, 0xe0, 0x2f, 0xf9,
    0x5, 0xef, 0xe0, 0xe, 0xff, 0xff, 0xff, 0xe0,
    0x3, 0xcf, 0xd6, 0x4f, 0xf1,

    /* U+0076 "v" */
    0xcf, 0xc0, 0x0, 0x4f, 0xf5, 0x7f, 0xf1, 0x0,
    0x8f, 0xf0, 0x2f, 0xf5, 0x0, 0xdf, 0xb0, 0xd,
    0xfa, 0x1, 0xff, 0x60, 0x8, 0xfe, 0x6, 0xff,
    0x10, 0x4, 0xff, 0x3a, 0xfc, 0x0, 0x0, 0xef,
    0x8e, 0xf7, 0x0, 0x0, 0xaf, 0xef, 0xf3, 0x0,
    0x0, 0x5f, 0xff, 0xe0, 0x0,

    /* U+0077 "w" */
    0xaf, 0xe0, 0x3, 0xff, 0x40, 0xc, 0xfb, 0x5f,
    0xf1, 0x6, 0xff, 0x80, 0xf, 0xf6, 0x1f, 0xf5,
    0xa, 0xff, 0xb0, 0x4f, 0xf2, 0xc, 0xf9, 0xd,
    0xee, 0xf0, 0x7f, 0xd0, 0x7, 0xfd, 0x1f, 0xba,
    0xf2, 0xbf, 0x80, 0x3, 0xff, 0x5f, 0x87, 0xf6,
    0xff, 0x40, 0x0, 0xef, 0xdf, 0x54, 0xfd, 0xff,
    0x0, 0x0, 0xaf, 0xff, 0x20, 0xff, 0xfb, 0x0,
    0x0, 0x5f, 0xfe, 0x0, 0xdf, 0xf6, 0x0,

    /* U+0078 "x" */
    0x5f, 0xf3, 0x0, 0x8f, 0xe1, 0xa, 0xfd, 0x3,
    0xff, 0x50, 0x1, 0xef, 0x8d, 0xfa, 0x0, 0x0,
    0x4f, 0xff, 0xe1, 0x0, 0x0, 0xc, 0xff, 0x70,
    0x0, 0x0, 0x4f, 0xff, 0xe0, 0x0, 0x0, 0xdf,
    0xae, 0xf9, 0x0, 0x9, 0xfe, 0x14, 0xff, 0x40,
    0x4f, 0xf5, 0x0, 0xaf, 0xe1,

    /* U+0079 "y" */
    0xcf, 0xc0, 0x0, 0x7f, 0xf2, 0x6f, 0xf2, 0x0,
    0xcf, 0xd0, 0x1f, 0xf8, 0x0, 0xff, 0x90, 0xa,
    0xfd, 0x4, 0xff, 0x40, 0x4, 0xff, 0x38, 0xff,
    0x0, 0x0, 0xdf, 0x9c, 0xfb, 0x0, 0x0, 0x7f,
    0xff, 0xf6, 0x0, 0x0, 0x1f, 0xff, 0xf1, 0x0,
    0x0, 0x1, 0xaf, 0xd0, 0x0, 0x0, 0x0, 0xef,
    0x80, 0x0, 0x1, 0x4c, 0xff, 0x10, 0x0, 0x2f,
    0xff, 0xf5, 0x0, 0x0, 0x2f, 0xda, 0x30, 0x0,
    0x0,

    /* U+007A "z" */
    0x3f, 0xff, 0xff, 0xfc, 0x2f, 0xff, 0xff, 0xfb,
    0x0, 0x0, 0x8f, 0xf4, 0x0, 0x6, 0xff, 0x60,
    0x0, 0x4f, 0xf8, 0x0, 0x3, 0xff, 0x90, 0x0,
    0x2e, 0xfb, 0x0, 0x0, 0x8f, 0xff, 0xff, 0xfd,
    0x8f, 0xff, 0xff, 0xfd,

    /* U+007B "{" */
    0x0, 0x2b, 0xe3, 0x0, 0xef, 0xf4, 0x3, 0xff,
    0x40, 0x5, 0xff, 0x0, 0x5, 0xff, 0x0, 0x5,
    0xff, 0x0, 0x6, 0xff, 0x0, 0x5f, 0xf8, 0x0,
    0x7f, 0xe4, 0x0, 0x8, 0xfe, 0x0, 0x5, 0xff,
    0x0, 0x5, 0xff, 0x0, 0x5, 0xff, 0x0, 0x4,
    0xff, 0x40, 0x0, 0xef, 0xf4, 0x0, 0x3b, 0xe3,

    /* U+007C "|" */
    0x2a, 0x73, 0xfc, 0x3f, 0xc3, 0xfc, 0x3f, 0xc3,
    0xfc, 0x3f, 0xc3, 0xfc, 0x3f, 0xc3, 0xfc, 0x3f,
    0xc3, 0xfc, 0x3f, 0xc3, 0xfc, 0x3f, 0xc3, 0xfc,

    /* U+007D "}" */
    0x9d, 0x80, 0x0, 0xaf, 0xf8, 0x0, 0x1a, 0xfd,
    0x0, 0x6, 0xfe, 0x0, 0x6, 0xff, 0x0, 0x6,
    0xff, 0x0, 0x5, 0xff, 0x0, 0x1, 0xdf, 0xd0,
    0x0, 0x9f, 0xf1, 0x5, 0xff, 0x20, 0x6, 0xff,
    0x0, 0x6, 0xff, 0x0, 0x6, 0xfe, 0x0, 0x1a,
    0xfd, 0x0, 0xaf, 0xf8, 0x0, 0x9d, 0x80, 0x0,

    /* U+007E "~" */
    0x0, 0x10, 0x0, 0x0, 0x5, 0xef, 0xfc, 0x52,
    0x47, 0x8f, 0xff, 0xff, 0xff, 0xc4, 0x30, 0x28,
    0xdf, 0xd7,

    /* U+221A "√" */
    0x0, 0x0, 0x0, 0x0, 0x11, 0x0, 0x0, 0x0,
    0x0, 0x2f, 0xf0, 0x0, 0x0, 0x0, 0x6, 0xfc,
    0x0, 0x0, 0x0, 0x0, 0xaf, 0x80, 0x0, 0x0,
    0x0, 0xe, 0xf5, 0x0, 0x0, 0x0, 0x2, 0xff,
    0x10, 0x0, 0x0, 0x0, 0x5f, 0xd0, 0xa, 0xed,
    0x0, 0x9, 0xf9, 0x0, 0xbf, 0xf7, 0x0, 0xdf,
    0x50, 0x2, 0x7f, 0xf1, 0x1f, 0xf2, 0x0, 0x0,
    0xdf, 0xa5, 0xfe, 0x0, 0x0, 0x4, 0xff, 0xbf,
    0xa0, 0x0, 0x0, 0xb, 0xff, 0xf6, 0x0, 0x0,
    0x0, 0x2f, 0xff, 0x20, 0x0, 0x0, 0x0, 0x8f,
    0xe0, 0x0, 0x0, 0x0, 0x0, 0x32, 0x0, 0x0,

    /* U+4E1C "东" */
    0x0, 0x0, 0x2f, 0xf4, 0x0, 0x0, 0x0, 0x0,
    0xd, 0xff, 0xff, 0xff, 0xff, 0xff, 0xff, 0xb0,
    0xe, 0xff, 0xff, 0xff, 0xff, 0xff, 0xff, 0xc0,
    0x1, 0x18, 0xfe, 0x11, 0x11, 0x11, 0x11, 0x10,
    0x0, 0xd, 0xf9, 0x3, 0x52, 0x0, 0x0, 0x0,
    0x0, 0x3f, 0xf3, 0x9, 0xf7, 0x0, 0x0, 0x0,
    0x2, 0xaf, 0xd3, 0x3a, 0xf9, 0x33, 0x33, 0x0,
    0xc, 0xff, 0xff, 0xff, 0xff, 0xff, 0xff, 0x50,
    0x9, 0xdd, 0xdd, 0xde, 0xfe, 0xdd, 0xdd, 0x40,
    0x0, 0x5a, 0x70, 0x9, 0xf7, 0x8, 0xa4, 0x0,
    0x0, 0xdf, 0x60, 0x9, 0xf7, 0x7, 0xfc, 0x0,
    0x4, 0xff, 0x10, 0x9, 0xf7, 0x1, 0xff, 0x20,
    0xc, 0xf9, 0x0, 0x9, 0xf7, 0x0, 0xaf, 0xa0,
    0x4f, 0xf2, 0x2, 0xff, 0xf7, 0x0, 0x3f, 0xf2,
    0x0, 0x0, 0x2, 0xff, 0xf7, 0x0, 0x0, 0x0,

    /* U+4E22 "丢" */
    0x0, 0x0, 0x0, 0x0, 0x0, 0x0, 0x12, 0x20,
    0xa, 0xdd, 0xdd, 0xee, 0xef, 0xff, 0xff, 0xd0,
    0xd, 0xff, 0xff, 0xff, 0xff, 0xfe, 0xdd, 0xa0,
    0x2, 0x22, 0x22, 0x2f, 0xf1, 0x0, 0x0, 0x0,
    0x0, 0x22, 0x22, 0x3f, 0xf3, 0x22, 0x22, 0x0,
    0x2, 0xff, 0xff, 0xff, 0xff, 0xff, 0xff, 0x20,
    0x2, 0xdd, 0xdd, 0xdf, 0xfd, 0xdd, 0xdd, 0x20,
    0x1, 0x11, 0x11, 0x1f, 0xf1, 0x11, 0x11, 0x10,
    0x3f, 0xff, 0xff, 0xff, 0xff, 0xff, 0xff, 0xf3,
    0x3f, 0xff, 0xff, 0xff, 0xff, 0xff, 0xff, 0xf3,
    0x0, 0x0, 0x9f, 0xf2, 0x0, 0x5, 0x51, 0x0,
    0x0, 0x5, 0xff, 0x50, 0x0, 0xd, 0xfa, 0x0,
    0x0, 0x2f, 0xfa, 0x11, 0x11, 0x16, 0xff, 0x20,
    0xe, 0xff, 0xff, 0xff, 0xff, 0xff, 0xff, 0xb0,
    0xe, 0xff, 0xff, 0xff, 0xff, 0xff, 0xff, 0xf3,

    /* U+4E8C "二" */
    0x5, 0xff, 0xff, 0xff, 0xff, 0xff, 0xff, 0x50,
    0x5, 0xff, 0xff, 0xff, 0xff, 0xff, 0xff, 0x50,
    0x1, 0x33, 0x33, 0x33, 0x33, 0x33, 0x33, 0x10,
    0x0, 0x0, 0x0, 0x0, 0x0, 0x0, 0x0, 0x0,
    0x0, 0x0, 0x0, 0x0, 0x0, 0x0, 0x0, 0x0,
    0x0, 0x0, 0x0, 0x0, 0x0, 0x0, 0x0, 0x0,
    0x0, 0x0, 0x0, 0x0, 0x0, 0x0, 0x0, 0x0,
    0x0, 0x0, 0x0, 0x0, 0x0, 0x0, 0x0, 0x0,
    0x0, 0x0, 0x0, 0x0, 0x0, 0x0, 0x0, 0x0,
    0x0, 0x0, 0x0, 0x0, 0x0, 0x0, 0x0, 0x0,
    0x3, 0x33, 0x33, 0x33, 0x33, 0x33, 0x33, 0x30,
    0x3f, 0xff, 0xff, 0xff, 0xff, 0xff, 0xff, 0xf3,
    0x3f, 0xff, 0xff, 0xff, 0xff, 0xff, 0xff, 0xf3,

    /* U+4FE1 "信" */
    0x0, 0x0, 0x0, 0x0, 0x1, 0x10, 0x0, 0x0,
    0x0, 0xe, 0xf1, 0x0, 0xe, 0xf2, 0x0, 0x0,
    0x0, 0x3f, 0xec, 0xdd, 0xdf, 0xfd, 0xdd, 0xd2,
    0x0, 0x9f, 0xae, 0xff, 0xff, 0xff, 0xff, 0xf2,
    0x1, 0xff, 0x50, 0x0, 0x0, 0x0, 0x0, 0x0,
    0xa, 0xff, 0x23, 0xbb, 0xbb, 0xbb, 0xbb, 0x60,
    0x4f, 0xff, 0x24, 0xff, 0xff, 0xff, 0xff, 0x80,
    0x5f, 0xff, 0x20, 0x11, 0x11, 0x11, 0x11, 0x0,
    0x5c, 0xff, 0x24, 0xff, 0xff, 0xff, 0xff, 0x80,
    0x20, 0xff, 0x22, 0x77, 0x77, 0x77, 0x77, 0x30,
    0x0, 0xff, 0x25, 0x99, 0x99, 0x99, 0x99, 0x70,
    0x0, 0xff, 0x28, 0xff, 0xff, 0xff, 0xff, 0xc0,
    0x0, 0xff, 0x28, 0xf8, 0x11, 0x11, 0x4f, 0xc0,
    0x0, 0xff, 0x28, 0xfd, 0xaa, 0xaa, 0xbf, 0xc0,
    0x0, 0xff, 0x28, 0xff, 0xff, 0xff, 0xff, 0xc0,
    0x0, 0x23, 0x0, 0x0, 0x0, 0x0, 0x0, 0x0,

    /* U+516C "公" */
    0x0, 0x1, 0xff, 0x20, 0x2, 0xff, 0x10, 0x0,
    0x0, 0x6, 0xfe, 0x0, 0x0, 0xef, 0x60, 0x0,
    0x0, 0xc, 0xf8, 0x0, 0x0, 0x8f, 0xc0, 0x0,
    0x0, 0x3f, 0xf2, 0x0, 0x0, 0x2f, 0xf3, 0x0,
    0x0, 0xbf, 0xb0, 0x3c, 0xb1, 0xb, 0xfb, 0x0,
    0x4, 0xff, 0x30, 0xbf, 0xb0, 0x3, 0xff, 0x40,
    0xd, 0xfa, 0x2, 0xff, 0x40, 0x0, 0xaf, 0xd0,
    0x38, 0x81, 0xa, 0xfc, 0x0, 0x0, 0x28, 0x83,
    0x0, 0x0, 0x1f, 0xf5, 0x0, 0x0, 0x0, 0x0,
    0x0, 0x0, 0x9f, 0xd0, 0x0, 0x37, 0x60, 0x0,
    0x0, 0x1, 0xff, 0x60, 0x0, 0x2f, 0xf3, 0x0,
    0x0, 0x8, 0xfe, 0x10, 0x0, 0xc, 0xf9, 0x0,
    0x9, 0xff, 0xff, 0xff, 0xff, 0xff, 0xff, 0x10,
    0x9, 0xff, 0xff, 0xff, 0xff, 0xff, 0xff, 0x70,

    /* U+5230 "到" */
    0xc, 0xff, 0xff, 0xff, 0xf2, 0x0, 0xf, 0xf0,
    0xc, 0xff, 0xff, 0xff, 0xf2, 0xdf, 0xf, 0xf0,
    0x0, 0x2f, 0xf1, 0x0, 0x0, 0xef, 0xf, 0xf0,
    0x0, 0x8f, 0x90, 0x9a, 0x10, 0xef, 0xf, 0xf0,
    0x0, 0xff, 0x30, 0x9f, 0x70, 0xef, 0xf, 0xf0,
    0x1e, 0xff, 0xee, 0xef, 0xd0, 0xef, 0xf, 0xf0,
    0x1f, 0xff, 0xff, 0xff, 0xf4, 0xef, 0xf, 0xf0,
    0x0, 0x0, 0xff, 0x20, 0x0, 0xef, 0xf, 0xf0,
    0x4, 0x77, 0xff, 0x87, 0x60, 0xef, 0xf, 0xf0,
    0xb, 0xff, 0xff, 0xff, 0xe0, 0xef, 0xf, 0xf0,
    0x6, 0x99, 0xff, 0x99, 0x80, 0xef, 0xf, 0xf0,
    0x0, 0x0, 0xff, 0x20, 0x0, 0x23, 0xf, 0xf0,
    0x4f, 0xff, 0xff, 0xff, 0xf7, 0x0, 0xf, 0xf0,
    0x4f, 0xff, 0xff, 0xff, 0xf7, 0x1e, 0xef, 0xf0,
    0x0, 0x0, 0x0, 0x0, 0x0, 0x1f, 0xff, 0xf0,

    /* U+524D "前" */
    0x0, 0x6, 0xfc, 0x0, 0x0, 0xcf, 0x60, 0x0,
    0x3f, 0xff, 0xff, 0xff, 0xff, 0xff, 0xff, 0xf3,
    0x3f, 0xff, 0xff, 0xff, 0xff, 0xff, 0xff, 0xf3,
    0x0, 0x0, 0x0, 0x0, 0x0, 0x0, 0x0, 0x0,
    0xc, 0xff, 0xff, 0xff, 0x14, 0x83, 0x2b, 0xa0,
    0xd, 0xff, 0xff, 0xff, 0x29, 0xf7, 0x2f, 0xe0,
    0xd, 0xf3, 0x0, 0xef, 0x29, 0xf7, 0x2f, 0xe0,
    0xd, 0xf8, 0x77, 0xff, 0x29, 0xf7, 0x2f, 0xe0,
    0xd, 0xff, 0xff, 0xff, 0x29, 0xf7, 0x2f, 0xe0,
    0xd, 0xfa, 0x99, 0xff, 0x29, 0xf7, 0x2f, 0xe0,
    0xd, 0xf3, 0x0, 0xef, 0x29, 0xf7, 0x2f, 0xe0,
    0xd, 0xff, 0xff, 0xff, 0x26, 0xc5, 0x2f, 0xe0,
    0xd, 0xfe, 0xee, 0xff, 0x20, 0x0, 0x3f, 0xe0,
    0xd, 0xf2, 0x0, 0xef, 0x20, 0x5f, 0xff, 0xe0,
    0xd, 0xf2, 0x0, 0xef, 0x20, 0x5f, 0xff, 0xe0,

    /* U+52A8 "动" */
    0x0, 0x0, 0x0, 0x0, 0xe, 0xf2, 0x0, 0x0,
    0xdf, 0xff, 0xfd, 0x0, 0xef, 0x20, 0x0, 0xe,
    0xff, 0xff, 0xd2, 0x5f, 0xf7, 0x55, 0x50, 0x0,
    0x0, 0x0, 0x6f, 0xff, 0xff, 0xfe, 0x1, 0x11,
    0x11, 0x15, 0xdf, 0xfd, 0xdf, 0xe2, 0xff, 0xff,
    0xff, 0x20, 0xef, 0x22, 0xfe, 0x2f, 0xff, 0xff,
    0xf2, 0xf, 0xf1, 0x2f, 0xe0, 0xd, 0xf3, 0x0,
    0x0, 0xff, 0x2, 0xfe, 0x1, 0xff, 0x0, 0x0,
    0x2f, 0xf0, 0x2f, 0xe0, 0x4f, 0xc2, 0xda, 0x5,
    0xfd, 0x2, 0xfe, 0x8, 0xf8, 0x1f, 0xd0, 0x9f,
    0xa0, 0x2f, 0xe0, 0xcf, 0x62, 0xfe, 0xe, 0xf5,
    0x2, 0xfe, 0x2f, 0xff, 0xff, 0xf5, 0xff, 0x10,
    0x2f, 0xe2, 0xee, 0xee, 0xee, 0xdf, 0xa0, 0x8f,
    0xfe, 0x0, 0x0, 0x0, 0x5f, 0xf3, 0x8, 0xff,
    0xe0,

    /* U+5317 "北" */
    0x0, 0x0, 0x2f, 0xe0, 0xe, 0xf2, 0x0, 0x0,
    0x0, 0x0, 0x2f, 0xe0, 0xe, 0xf2, 0x0, 0x0,
    0x0, 0x0, 0x2f, 0xe0, 0xe, 0xf2, 0x0, 0x0,
    0x2, 0x22, 0x4f, 0xe0, 0xe, 0xf2, 0x27, 0xc1,
    0x1f, 0xff, 0xff, 0xe0, 0xe, 0xfe, 0xff, 0xf1,
    0x1f, 0xff, 0xff, 0xe0, 0xe, 0xff, 0xfc, 0x80,
    0x0, 0x0, 0x2f, 0xe0, 0xe, 0xf5, 0x0, 0x0,
    0x0, 0x0, 0x2f, 0xe0, 0xe, 0xf2, 0x0, 0x0,
    0x0, 0x0, 0x2f, 0xe0, 0xe, 0xf2, 0x0, 0x0,
    0x0, 0x3, 0x8f, 0xe0, 0xe, 0xf2, 0x0, 0x0,
    0x2c, 0xff, 0xff, 0xe0, 0xe, 0xf2, 0x0, 0x0,
    0x4f, 0xfb, 0x9f, 0xe0, 0xe, 0xf3, 0x11, 0x10,
    0x13, 0x0, 0x2f, 0xe0, 0xe, 0xff, 0xff, 0xf4,
    0x0, 0x0, 0x2f, 0xe0, 0xe, 0xff, 0xff, 0xf4,
    0x0, 0x0, 0x2f, 0xe0, 0x0, 0x0, 0x0, 0x0,

    /* U+5347 "升" */
    0x0, 0x0, 0x0, 0x0, 0x0, 0x0, 0x0, 0x0,
    0x6, 0xef, 0xff, 0xff, 0x20, 0x9f, 0x70, 0x0,
    0x7, 0xff, 0xff, 0x86, 0x0, 0x9f, 0x70, 0x0,
    0x0, 0x2, 0xff, 0x0, 0x0, 0x9f, 0x70, 0x0,
    0x0, 0x2, 0xff, 0x0, 0x0, 0x9f, 0x70, 0x0,
    0x0, 0x2, 0xff, 0x0, 0x0, 0x9f, 0x70, 0x0,
    0x1, 0x13, 0xff, 0x11, 0x11, 0x9f, 0x81, 0x10,
    0x3f, 0xff, 0xff, 0xff, 0xff, 0xff, 0xff, 0xf3,
    0x3f, 0xff, 0xff, 0xff, 0xff, 0xff, 0xff, 0xf3,
    0x0, 0x3, 0xfd, 0x0, 0x0, 0x9f, 0x70, 0x0,
    0x0, 0x5, 0xfc, 0x0, 0x0, 0x9f, 0x70, 0x0,
    0x0, 0x8, 0xfa, 0x0, 0x0, 0x9f, 0x70, 0x0,
    0x0, 0xd, 0xf6, 0x0, 0x0, 0x9f, 0x70, 0x0,
    0x0, 0x3f, 0xf1, 0x0, 0x0, 0x9f, 0x70, 0x0,
    0x0, 0xbf, 0xb0, 0x0, 0x0, 0x9f, 0x70, 0x0,
    0x5, 0xff, 0x30, 0x0, 0x0, 0x9f, 0x70, 0x0,

    /* U+5355 "单" */
    0x0, 0x3, 0xff, 0x10, 0x0, 0x9f, 0x90, 0x0,
    0x2, 0xff, 0xff, 0xff, 0xff, 0xff, 0xff, 0x90,
    0x2, 0xff, 0xff, 0xff, 0xff, 0xff, 0xff, 0x90,
    0x2, 0xfe, 0x0, 0xd, 0xf4, 0x0, 0x7f, 0x90,
    0x2, 0xff, 0xee, 0xef, 0xfe, 0xee, 0xff, 0x90,
    0x2, 0xff, 0xff, 0xff, 0xff, 0xff, 0xff, 0x90,
    0x2, 0xfe, 0x0, 0xd, 0xf4, 0x0, 0x7f, 0x90,
    0x2, 0xff, 0xff, 0xff, 0xff, 0xff, 0xff, 0x90,
    0x2, 0xff, 0xff, 0xff, 0xff, 0xff, 0xff, 0x90,
    0x0, 0x0, 0x0, 0xd, 0xf5, 0x0, 0x0, 0x0,
    0x3, 0x33, 0x33, 0x3e, 0xf6, 0x33, 0x33, 0x32,
    0x4f, 0xff, 0xff, 0xff, 0xff, 0xff, 0xff, 0xfb,
    0x3d, 0xdd, 0xdd, 0xdf, 0xfe, 0xdd, 0xdd, 0xd9,
    0x0, 0x0, 0x0, 0xd, 0xf4, 0x0, 0x0, 0x0,
    0x0, 0x0, 0x0, 0xd, 0xf4, 0x0, 0x0, 0x0,

    /* U+53D8 "变" */
    0xd, 0xff, 0xff, 0xff, 0xff, 0xff, 0xff, 0xf7,
    0xd, 0xff, 0xff, 0xff, 0xff, 0xff, 0xff, 0xf7,
    0xb, 0xdd, 0xdf, 0xfe, 0xdf, 0xfe, 0xdd, 0xd6,
    0x0, 0x2, 0x4b, 0xf3, 0xf, 0xf4, 0x61, 0x0,
    0x1b, 0xef, 0xab, 0xf3, 0xf, 0xf5, 0xff, 0xd7,
    0x2f, 0xeb, 0x4b, 0xf3, 0xf, 0xf4, 0x8c, 0xfb,
    0x1, 0x0, 0x8, 0xc2, 0xb, 0xc3, 0x0, 0x1,
    0x0, 0x8c, 0xcc, 0xcc, 0xcc, 0xcc, 0xcc, 0x20,
    0x0, 0x2f, 0xff, 0xff, 0xff, 0xff, 0xfb, 0x0,
    0x0, 0x6, 0xff, 0x60, 0x2, 0xdf, 0xd1, 0x0,
    0x0, 0x0, 0x7f, 0xfa, 0x7f, 0xfd, 0x10, 0x0,
    0x0, 0x0, 0x1a, 0xff, 0xff, 0xe4, 0x0, 0x0,
    0x9, 0xce, 0xff, 0xff, 0xef, 0xff, 0xfd, 0xb5,
    0xf, 0xff, 0xea, 0x61, 0x4, 0x9d, 0xff, 0xf9,
    0x6, 0x41, 0x0, 0x0, 0x0, 0x0, 0x3, 0x54,

    /* U+5426 "否" */
    0xe, 0xff, 0xff, 0xff, 0xff, 0xff, 0xff, 0xd0,
    0xe, 0xff, 0xff, 0xff, 0xff, 0xff, 0xff, 0xd0,
    0x0, 0x0, 0x8, 0xff, 0x70, 0x0, 0x0, 0x0,
    0x0, 0x0, 0x7f, 0xff, 0xf2, 0x60, 0x0, 0x0,
    0x0, 0x1a, 0xff, 0x9f, 0xf3, 0xff, 0x93, 0x0,
    0x18, 0xff, 0xf7, 0xf, 0xf1, 0xcf, 0xff, 0xd3,
    0x5f, 0xfd, 0x40, 0xf, 0xf0, 0x2, 0x8e, 0xf5,
    0x5d, 0x60, 0x0, 0xb, 0xa0, 0x0, 0x0, 0x43,
    0x0, 0xdf, 0xff, 0xff, 0xff, 0xff, 0xfc, 0x0,
    0x0, 0xef, 0xff, 0xff, 0xff, 0xff, 0xfd, 0x0,
    0x0, 0xef, 0x30, 0x0, 0x0, 0x5, 0xfd, 0x0,
    0x0, 0xef, 0x30, 0x0, 0x0, 0x4, 0xfd, 0x0,
    0x0, 0xef, 0xff, 0xff, 0xff, 0xff, 0xfd, 0x0,
    0x0, 0xef, 0xff, 0xff, 0xff, 0xff, 0xfd, 0x0,

    /* U+542F "启" */
    0x0, 0x11, 0x11, 0x1e, 0xf4, 0x11, 0x11, 0x10,
    0x3, 0xff, 0xff, 0xff, 0xff, 0xff, 0xff, 0xd0,
    0x3, 0xff, 0xff, 0xff, 0xff, 0xff, 0xff, 0xd0,
    0x3, 0xfe, 0x0, 0x0, 0x0, 0x0, 0x4f, 0xd0,
    0x3, 0xfe, 0x22, 0x22, 0x22, 0x22, 0x6f, 0xd0,
    0x3, 0xff, 0xff, 0xff, 0xff, 0xff, 0xff, 0xd0,
    0x3, 0xff, 0xdd, 0xdd, 0xdd, 0xdd, 0xdd, 0xa0,
    0x3, 0xfe, 0x0, 0x0, 0x0, 0x0, 0x0, 0x0,
    0x3, 0xfe, 0x6f, 0xff, 0xff, 0xff, 0xff, 0xf2,
    0x4, 0xfd, 0x6f, 0xff, 0xff, 0xff, 0xff, 0xf2,
    0x5, 0xfc, 0x6f, 0x90, 0x0, 0x0, 0xe, 0xf2,
    0x7, 0xfa, 0x6f, 0x90, 0x0, 0x0, 0xe, 0xf2,
    0xa, 0xf7, 0x6f, 0xa2, 0x22, 0x22, 0x2e, 0xf2,
    0xe, 0xf4, 0x6f, 0xff, 0xff, 0xff, 0xff, 0xf2,
    0x3f, 0xf1, 0x5e, 0xee, 0xee, 0xee, 0xee, 0xe2,

    /* U+56F4 "围" */
    0xef, 0xff, 0xff, 0xff, 0xff, 0xff, 0xfd, 0xef,
    0xff, 0xff, 0xff, 0xff, 0xff, 0xfd, 0xef, 0x20,
    0x1, 0x43, 0x0, 0x3, 0xfd, 0xef, 0x4b, 0xbd,
    0xfe, 0xbb, 0x73, 0xfd, 0xef, 0x4e, 0xee, 0xff,
    0xee, 0x93, 0xfd, 0xef, 0x26, 0x7a, 0xfd, 0x77,
    0x13, 0xfd, 0xef, 0x2e, 0xff, 0xff, 0xff, 0x43,
    0xfd, 0xef, 0x36, 0x69, 0xfd, 0x55, 0x43, 0xfd,
    0xef, 0x8f, 0xff, 0xff, 0xff, 0xf3, 0xfd, 0xef,
    0x34, 0x48, 0xfd, 0x4e, 0xf3, 0xfd, 0xef, 0x20,
    0x6, 0xfc, 0xaf, 0xf3, 0xfd, 0xef, 0x20, 0x6,
    0xfc, 0x58, 0x83, 0xfd, 0xef, 0xff, 0xff, 0xff,
    0xff, 0xff, 0xfd, 0xef, 0xff, 0xff, 0xff, 0xff,
    0xff, 0xfd,

    /* U+5733 "圳" */
    0x0, 0xff, 0x10, 0xff, 0x0, 0x0, 0x2f, 0xe0,
    0xf, 0xf1, 0xf, 0xf0, 0xbf, 0x32, 0xfe, 0x0,
    0xff, 0x10, 0xff, 0xb, 0xf3, 0x2f, 0xe1, 0x9f,
    0xf9, 0x2f, 0xf0, 0xbf, 0x32, 0xfe, 0x2f, 0xff,
    0xf4, 0xff, 0xb, 0xf3, 0x2f, 0xe1, 0x8f, 0xf8,
    0x2f, 0xf0, 0xbf, 0x32, 0xfe, 0x0, 0xff, 0x10,
    0xff, 0xb, 0xf3, 0x2f, 0xe0, 0xf, 0xf1, 0xf,
    0xf0, 0xbf, 0x32, 0xfe, 0x0, 0xff, 0x10, 0xff,
    0xb, 0xf3, 0x2f, 0xe0, 0xf, 0xf1, 0xf, 0xe0,
    0xbf, 0x32, 0xfe, 0x0, 0xff, 0xb7, 0xfd, 0xb,
    0xf3, 0x2f, 0xe4, 0xff, 0xff, 0xbf, 0xc0, 0xbf,
    0x32, 0xfe, 0x4f, 0xda, 0x7a, 0xf9, 0xb, 0xf3,
    0x2f, 0xe0, 0x10, 0x0, 0xcf, 0x60, 0xae, 0x32,
    0xfe, 0x0, 0x0, 0x2f, 0xf1, 0x0, 0x0, 0x2f,
    0xe0,

    /* U+5931 "失" */
    0x0, 0xbf, 0x60, 0xf, 0xf3, 0x0, 0x0, 0x0,
    0x0, 0xdf, 0x84, 0x4f, 0xf7, 0x44, 0x44, 0x30,
    0x0, 0xff, 0xff, 0xff, 0xff, 0xff, 0xff, 0xb0,
    0x5, 0xff, 0xbb, 0xbf, 0xfc, 0xbb, 0xbb, 0x80,
    0xa, 0xfa, 0x0, 0xf, 0xf3, 0x0, 0x0, 0x0,
    0x8, 0x93, 0x0, 0xf, 0xf3, 0x0, 0x0, 0x0,
    0x2f, 0xff, 0xff, 0xff, 0xff, 0xff, 0xff, 0xf7,
    0x3f, 0xff, 0xff, 0xff, 0xff, 0xff, 0xff, 0xf7,
    0x1, 0x11, 0x11, 0xdf, 0xff, 0x31, 0x11, 0x10,
    0x0, 0x0, 0x7, 0xff, 0xdf, 0xb0, 0x0, 0x0,
    0x0, 0x0, 0x7f, 0xf7, 0x2f, 0xfa, 0x0, 0x0,
    0x0, 0x3c, 0xff, 0x90, 0x5, 0xff, 0xe5, 0x0,
    0xc, 0xff, 0xf8, 0x0, 0x0, 0x5e, 0xff, 0xe3,
    0x1f, 0xfb, 0x30, 0x0, 0x0, 0x1, 0x9f, 0xf5,
    0x7, 0x20, 0x0, 0x0, 0x0, 0x0, 0x0, 0x63,

    /* U+5B50 "子" */
    0x0, 0x8f, 0xff, 0xff, 0xff, 0xff, 0xf7, 0x0,
    0x0, 0x8f, 0xff, 0xff, 0xff, 0xff, 0xf1, 0x0,
    0x0, 0x1, 0x11, 0x11, 0x11, 0xdf, 0x90, 0x0,
    0x0, 0x0, 0x0, 0x0, 0x6, 0xff, 0x20, 0x0,
    0x0, 0x0, 0x0, 0x0, 0x1e, 0xf7, 0x0, 0x0,
    0x2, 0x22, 0x22, 0x22, 0xcf, 0xd2, 0x22, 0x21,
    0x3f, 0xff, 0xff, 0xff, 0xff, 0xff, 0xff, 0xfa,
    0x3f, 0xff, 0xff, 0xff, 0xff, 0xff, 0xff, 0xfa,
    0x0, 0x0, 0x0, 0x3, 0xff, 0x0, 0x0, 0x0,
    0x0, 0x0, 0x0, 0x3, 0xff, 0x0, 0x0, 0x0,
    0x0, 0x0, 0x0, 0x3, 0xff, 0x0, 0x0, 0x0,
    0x0, 0x0, 0x0, 0x3, 0xff, 0x0, 0x0, 0x0,
    0x0, 0x0, 0x1, 0x14, 0xff, 0x0, 0x0, 0x0,
    0x0, 0x0, 0x5f, 0xff, 0xff, 0x0, 0x0, 0x0,
    0x0, 0x0, 0x5f, 0xff, 0xff, 0x0, 0x0, 0x0,

    /* U+5C0F "小" */
    0x0, 0x0, 0x0, 0xe, 0xf3, 0x0, 0x0, 0x0,
    0x0, 0x0, 0x0, 0xe, 0xf3, 0x0, 0x0, 0x0,
    0x0, 0x3b, 0x80, 0xe, 0xf3, 0x7, 0x92, 0x0,
    0x0, 0x7f, 0xa0, 0xe, 0xf3, 0xa, 0xf7, 0x0,
    0x0, 0x9f, 0x70, 0xe, 0xf3, 0x6, 0xfb, 0x0,
    0x0, 0xdf, 0x40, 0xe, 0xf3, 0x2, 0xfe, 0x0,
    0x0, 0xff, 0x20, 0xe, 0xf3, 0x0, 0xef, 0x20,
    0x4, 0xfe, 0x0, 0xe, 0xf3, 0x0, 0xaf, 0x60,
    0x8, 0xfa, 0x0, 0xe, 0xf3, 0x0, 0x8f, 0x80,
    0xd, 0xf6, 0x0, 0xe, 0xf3, 0x0, 0x5f, 0xb0,
    0x2f, 0xf1, 0x0, 0xe, 0xf3, 0x0, 0x3f, 0xd0,
    0x7f, 0xd0, 0x0, 0xe, 0xf3, 0x0, 0xf, 0xf0,
    0x0, 0x0, 0x1, 0x1e, 0xf3, 0x0, 0x2, 0x30,
    0x0, 0x0, 0x4f, 0xff, 0xf3, 0x0, 0x0, 0x0,
    0x0, 0x0, 0x4f, 0xff, 0xf3, 0x0, 0x0, 0x0,

    /* U+5F53 "当" */
    0x4, 0xfe, 0x0, 0xf, 0xf0, 0x2, 0xff, 0x0,
    0xf, 0xf2, 0x0, 0xff, 0x0, 0x6f, 0xb0, 0x0,
    0xcf, 0x60, 0xf, 0xf0, 0x9, 0xf7, 0x0, 0x4,
    0x74, 0x0, 0xff, 0x0, 0x57, 0x20, 0xc, 0xdd,
    0xdd, 0xdf, 0xfd, 0xdd, 0xdd, 0x30, 0xef, 0xff,
    0xff, 0xff, 0xff, 0xff, 0xf3, 0x2, 0x33, 0x33,
    0x33, 0x33, 0x33, 0xef, 0x30, 0x0, 0x0, 0x0,
    0x0, 0x0, 0xe, 0xf3, 0x0, 0x9d, 0xdd, 0xdd,
    0xdd, 0xdd, 0xff, 0x30, 0xb, 0xff, 0xff, 0xff,
    0xff, 0xff, 0xf3, 0x0, 0x23, 0x33, 0x33, 0x33,
    0x33, 0xef, 0x30, 0x0, 0x0, 0x0, 0x0, 0x0,
    0xe, 0xf3, 0x1f, 0xff, 0xff, 0xff, 0xff, 0xff,
    0xff, 0x31, 0xff, 0xff, 0xff, 0xff, 0xff, 0xff,
    0xf3,

    /* U+5F62 "形" */
    0x0, 0x0, 0x0, 0x0, 0x0, 0x0, 0x2, 0x20,
    0xf, 0xff, 0xff, 0xff, 0xd0, 0x0, 0x9f, 0xa0,
    0xf, 0xff, 0xff, 0xff, 0xd0, 0x7, 0xff, 0x20,
    0x0, 0xef, 0x22, 0xfe, 0x1, 0xaf, 0xf7, 0x0,
    0x0, 0xef, 0x12, 0xfe, 0xd, 0xff, 0x80, 0x0,
    0x0, 0xef, 0x12, 0xfe, 0xd, 0xe5, 0x16, 0x60,
    0x1, 0xef, 0x23, 0xfe, 0x15, 0x0, 0xaf, 0xb0,
    0x8f, 0xff, 0xff, 0xff, 0xf1, 0x9, 0xff, 0x20,
    0x8f, 0xff, 0xff, 0xff, 0xf5, 0xcf, 0xf5, 0x0,
    0x0, 0xff, 0x12, 0xfe, 0xd, 0xfe, 0x42, 0x31,
    0x0, 0xff, 0x2, 0xfe, 0xc, 0x91, 0x1f, 0xf1,
    0x1, 0xff, 0x2, 0xfe, 0x0, 0x0, 0x9f, 0xb0,
    0x3, 0xfd, 0x2, 0xfe, 0x0, 0x7, 0xff, 0x30,
    0x7, 0xfa, 0x2, 0xfe, 0x3, 0xbf, 0xf8, 0x0,
    0xc, 0xf6, 0x2, 0xfe, 0x1f, 0xff, 0x80, 0x0,
    0x3f, 0xf2, 0x2, 0xfe, 0x1f, 0xa3, 0x0, 0x0,
    0x0, 0x0, 0x0, 0x0, 0x0, 0x0, 0x0, 0x0,

    /* U+606F "息" */
    0x0, 0xef, 0xff, 0xff, 0xff, 0xff, 0xfc, 0x0,
    0x0, 0xef, 0xa9, 0x99, 0x99, 0x9b, 0xfc, 0x0,
    0x0, 0xef, 0x98, 0x88, 0x88, 0x8a, 0xfc, 0x0,
    0x0, 0xef, 0xff, 0xff, 0xff, 0xff, 0xfc, 0x0,
    0x0, 0xef, 0x42, 0x22, 0x22, 0x26, 0xfc, 0x0,
    0x0, 0xef, 0xff, 0xff, 0xff, 0xff, 0xfc, 0x0,
    0x0, 0xef, 0x76, 0x66, 0x66, 0x69, 0xfc, 0x0,
    0x0, 0xef, 0xed, 0xdd, 0xdd, 0xde, 0xfc, 0x0,
    0x0, 0xbc, 0xcc, 0xcc, 0xcc, 0xcc, 0xc9, 0x0,
    0x0, 0x77, 0x8d, 0x49, 0xd3, 0x0, 0x86, 0x0,
    0x2, 0xfc, 0xaf, 0x69, 0xf6, 0x0, 0xef, 0x10,
    0xb, 0xf8, 0xaf, 0x67, 0xf9, 0x76, 0xaf, 0xa0,
    0x5f, 0xf2, 0xaf, 0x60, 0x1, 0xfe, 0x3f, 0xf4,
    0x5f, 0x50, 0xaf, 0xdc, 0xcc, 0xfe, 0x7, 0xf5,
    0x33, 0x0, 0xaf, 0xff, 0xff, 0xfe, 0x0, 0x43,

    /* U+65B0 "新" */
    0x0, 0x0, 0x0, 0x0, 0x0, 0x0, 0x0, 0x10,
    0x5, 0x7a, 0xfd, 0x77, 0x2e, 0xff, 0xff, 0xf1,
    0xc, 0xff, 0xff, 0xff, 0x4e, 0xff, 0xff, 0xf0,
    0x7, 0xfe, 0x9b, 0xfc, 0x2e, 0xf4, 0x21, 0x0,
    0x0, 0xee, 0x6, 0xf6, 0xe, 0xf0, 0x0, 0x0,
    0x1, 0xcf, 0x8, 0xf5, 0xe, 0xf6, 0x66, 0x62,
    0x1f, 0xff, 0xef, 0xff, 0x9e, 0xff, 0xff, 0xf5,
    0xb, 0xbc, 0xfe, 0xbb, 0x6e, 0xfb, 0xef, 0xc4,
    0x3, 0x47, 0xfd, 0x44, 0x1e, 0xf0, 0xcf, 0x30,
    0xe, 0xff, 0xff, 0xff, 0x6e, 0xf0, 0xcf, 0x30,
    0x6, 0x79, 0xfd, 0x77, 0x2f, 0xe0, 0xcf, 0x30,
    0x5, 0xb6, 0xfb, 0xde, 0xf, 0xd0, 0xcf, 0x30,
    0x8, 0xf6, 0xfb, 0x8f, 0x4f, 0xc0, 0xcf, 0x30,
    0xa, 0xf4, 0xfb, 0x5f, 0xaf, 0xa0, 0xcf, 0x30,
    0xe, 0xd3, 0xfb, 0x3e, 0xef, 0x70, 0xcf, 0x30,
    0x2d, 0x73, 0xfb, 0x0, 0xcf, 0x40, 0xcf, 0x30,

    /* U+662F "是" */
    0x0, 0xcf, 0xff, 0xff, 0xff, 0xff, 0xfc, 0x0,
    0x0, 0xcf, 0xca, 0xaa, 0xaa, 0xac, 0xfc, 0x0,
    0x0, 0xcf, 0x84, 0x44, 0x44, 0x47, 0xfc, 0x0,
    0x0, 0xcf, 0xff, 0xff, 0xff, 0xff, 0xfc, 0x0,
    0x0, 0xcf, 0x85, 0x55, 0x55, 0x58, 0xfc, 0x0,
    0x0, 0xcf, 0xff, 0xff, 0xff, 0xff, 0xfc, 0x0,
    0x0, 0x57, 0x77, 0x77, 0x77, 0x77, 0x75, 0x0,
    0xc, 0xff, 0xff, 0xff, 0xff, 0xff, 0xff, 0xf0,
    0xb, 0xdd, 0xdd, 0xdf, 0xfd, 0xdd, 0xdd, 0xd0,
    0x0, 0x49, 0x50, 0xf, 0xf2, 0x11, 0x11, 0x0,
    0x0, 0x8f, 0x80, 0xf, 0xff, 0xff, 0xfe, 0x0,
    0x0, 0xcf, 0x80, 0xf, 0xfb, 0xbb, 0xba, 0x0,
    0x3, 0xff, 0xff, 0xff, 0xfe, 0xee, 0xee, 0xe2,
    0xc, 0xf7, 0x4b, 0xef, 0xff, 0xff, 0xff, 0xf3,
    0x1, 0x10, 0x0, 0x0, 0x0, 0x0, 0x0, 0x0,

    /* U+672C "本" */
    0x0, 0x0, 0x0, 0xf, 0xf0, 0x0, 0x0, 0x0,
    0x1, 0x22, 0x22, 0x2f, 0xf2, 0x22, 0x22, 0x10,
    0xe, 0xff, 0xff, 0xff, 0xff, 0xff, 0xff, 0xb0,
    0xe, 0xff, 0xff, 0xff, 0xff, 0xff, 0xff, 0xb0,
    0x0, 0x5, 0xfb, 0xf, 0xf0, 0xcf, 0x50, 0x0,
    0x0, 0xa, 0xf7, 0xf, 0xf0, 0x7f, 0x90, 0x0,
    0x0, 0xe, 0xf3, 0xf, 0xf0, 0x3f, 0xd0, 0x0,
    0x0, 0x3f, 0xf0, 0xf, 0xf0, 0xf, 0xf2, 0x0,
    0x0, 0x7f, 0xa0, 0xf, 0xf0, 0xa, 0xf6, 0x0,
    0x0, 0xdf, 0x61, 0x1f, 0xf1, 0x16, 0xfb, 0x0,
    0x3, 0xff, 0xff, 0xff, 0xff, 0xff, 0xff, 0x10,
    0x9, 0xfa, 0xef, 0xff, 0xff, 0xfe, 0xbf, 0x70,
    0xf, 0xf4, 0x0, 0xf, 0xf0, 0x0, 0x5f, 0xd0,
    0x5f, 0xd0, 0x0, 0xf, 0xf0, 0x0, 0xe, 0xf2,
    0x0, 0x0, 0x0, 0xf, 0xf0, 0x0, 0x0, 0x0,

    /* U+680F "栏" */
    0x0, 0xb, 0xf6, 0x0, 0xbe, 0x30, 0x9e, 0x50,
    0x2, 0x2b, 0xf8, 0x20, 0x9f, 0x60, 0xcf, 0x30,
    0x3f, 0xff, 0xff, 0xf7, 0xdf, 0xdb, 0xff, 0xb2,
    0x2f, 0xff, 0xff, 0xe9, 0xff, 0xff, 0xff, 0xf3,
    0x3, 0x59, 0xf7, 0x4, 0x77, 0x77, 0x77, 0x71,
    0xb, 0xf9, 0xf7, 0x0, 0x0, 0x0, 0x0, 0x0,
    0xb, 0xf9, 0xfe, 0x40, 0x11, 0x11, 0x11, 0x10,
    0xc, 0xf9, 0xff, 0xc2, 0xff, 0xff, 0xff, 0xb0,
    0xd, 0xe9, 0xfb, 0xb1, 0xdd, 0xdd, 0xdd, 0x90,
    0xe, 0xd9, 0xf7, 0x0, 0x0, 0x0, 0x0, 0x0,
    0xf, 0xc9, 0xf7, 0x0, 0x0, 0x0, 0x0, 0x0,
    0x1f, 0xb9, 0xf7, 0x1, 0x11, 0x11, 0x11, 0x10,
    0x3f, 0x89, 0xf7, 0xe, 0xff, 0xff, 0xff, 0xf8,
    0x5f, 0x69, 0xf7, 0xe, 0xff, 0xff, 0xff, 0xf8,
    0x0, 0x9, 0xf7, 0x0, 0x0, 0x0, 0x0, 0x0,

    /* U+68C0 "检" */
    0x0, 0xb, 0xf4, 0x0, 0x3f, 0xff, 0xf1, 0x0,
    0x15, 0x5c, 0xf8, 0x20, 0xaf, 0xff, 0xf8, 0x0,
    0x3f, 0xff, 0xff, 0x84, 0xfe, 0x1, 0xff, 0x30,
    0x2e, 0xef, 0xfe, 0xbf, 0xf5, 0x0, 0x8f, 0xf3,
    0x4, 0x3b, 0xf4, 0x9f, 0xa1, 0x11, 0x1c, 0xf7,
    0xf, 0xbb, 0xf4, 0x87, 0xef, 0xff, 0xfc, 0x86,
    0xf, 0xbb, 0xff, 0x40, 0x9a, 0xaa, 0xa8, 0x0,
    0xf, 0xbb, 0xff, 0x77, 0x62, 0x73, 0x27, 0x30,
    0xf, 0xab, 0xf6, 0x4d, 0xf3, 0xf8, 0x6f, 0x60,
    0x1f, 0xab, 0xf4, 0xb, 0xf3, 0xfa, 0x8f, 0x40,
    0x2f, 0x9b, 0xf4, 0x9, 0xf3, 0xfc, 0xaf, 0x20,
    0x4f, 0x7b, 0xf4, 0x1, 0x30, 0x22, 0xcf, 0x0,
    0x7f, 0x5b, 0xf4, 0x6e, 0xee, 0xee, 0xff, 0xe1,
    0x8f, 0x3b, 0xf4, 0x6f, 0xff, 0xff, 0xff, 0xf1,
    0x0, 0xb, 0xf4, 0x0, 0x0, 0x0, 0x0, 0x0,

    /* U+6C27 "氧" */
    0x0, 0x2f, 0xff, 0xff, 0xff, 0xff, 0xff, 0xf0,
    0x0, 0xaf, 0xda, 0xaa, 0xaa, 0xaa, 0xaa, 0xa0,
    0x8, 0xff, 0xdb, 0xbb, 0xbb, 0xbb, 0xbb, 0x60,
    0x1f, 0xf8, 0xee, 0xee, 0xee, 0xee, 0xee, 0x70,
    0x1f, 0xb7, 0x77, 0x77, 0x77, 0x77, 0x77, 0x50,
    0x1, 0xbf, 0xff, 0xff, 0xff, 0xff, 0xff, 0xa0,
    0x0, 0x1c, 0xc1, 0x0, 0x7c, 0x70, 0x5f, 0xa0,
    0xa, 0xff, 0xff, 0xff, 0xff, 0xff, 0x8f, 0xa0,
    0x6, 0x99, 0x9b, 0xfe, 0x99, 0x99, 0x6f, 0xb0,
    0x1, 0xaa, 0xab, 0xfe, 0xaa, 0xa6, 0x4f, 0xb0,
    0x1, 0xcc, 0xcd, 0xff, 0xcc, 0xc8, 0x3f, 0xc0,
    0x7, 0x77, 0x7a, 0xfe, 0x77, 0x77, 0x7f, 0xd0,
    0x1f, 0xff, 0xff, 0xff, 0xff, 0xff, 0xbf, 0xf0,
    0x0, 0x0, 0x5, 0xfc, 0x0, 0x0, 0xd, 0xf3,
    0x0, 0x0, 0x4, 0xfc, 0x0, 0x0, 0xa, 0xf8,

    /* U+6D4B "测" */
    0x1, 0x0, 0x0, 0x0, 0x0, 0x0, 0x2, 0x30,
    0xdb, 0x50, 0xff, 0xff, 0xfb, 0x0, 0xbf, 0xd,
    0xff, 0x8f, 0xff, 0xff, 0xbb, 0xbb, 0xf0, 0x4,
    0x86, 0xf9, 0x11, 0xeb, 0xbb, 0xbf, 0x15, 0x10,
    0x1f, 0x9e, 0x9e, 0xbb, 0xbb, 0xf2, 0xff, 0xd5,
    0xf9, 0xe9, 0xeb, 0xbb, 0xbf, 0x2d, 0xff, 0x9f,
    0x9e, 0x9e, 0xbb, 0xbb, 0xf0, 0x1, 0x54, 0xf9,
    0xe9, 0xeb, 0xbb, 0xbf, 0x0, 0x5a, 0x5f, 0x9e,
    0x9e, 0xbb, 0xbb, 0xf0, 0xb, 0xf6, 0xf9, 0xe9,
    0xeb, 0xbb, 0xbf, 0x0, 0xef, 0x4f, 0x9f, 0xee,
    0x9b, 0xbb, 0xf0, 0xf, 0xf2, 0x2, 0xff, 0xe0,
    0xbb, 0xbf, 0x4, 0xff, 0x0, 0xaf, 0xdf, 0x74,
    0x4b, 0xf0, 0x9f, 0xb0, 0x8f, 0xa3, 0xfd, 0x0,
    0xbf, 0xe, 0xf7, 0x8f, 0xe1, 0xc, 0xf3, 0xff,
    0xf2, 0xff, 0x28, 0xb1, 0x0, 0x8f, 0x6f, 0xff,
    0x0, 0x0, 0x0, 0x0, 0x0, 0x0, 0x0, 0x0,

    /* U+6DF1 "深" */
    0x1, 0x0, 0x0, 0x0, 0x0, 0x0, 0x0, 0x0,
    0xc, 0xea, 0x4c, 0xff, 0xff, 0xff, 0xff, 0xf0,
    0xb, 0xff, 0xbc, 0xff, 0xff, 0xff, 0xff, 0xf0,
    0x0, 0x37, 0x8c, 0xf4, 0x11, 0x1, 0xf, 0xf0,
    0x1, 0x0, 0x2, 0x37, 0xe3, 0x1f, 0x74, 0x30,
    0x1f, 0xb6, 0x19, 0xef, 0xf3, 0x1f, 0xff, 0xa1,
    0x1f, 0xff, 0xbe, 0xfe, 0x70, 0x6, 0xef, 0xf2,
    0x8, 0xbd, 0xb7, 0x40, 0xb, 0xc1, 0x3, 0x71,
    0x0, 0x0, 0xd, 0xee, 0xef, 0xfe, 0xee, 0xe5,
    0x0, 0x6d, 0x8f, 0xff, 0xff, 0xff, 0xff, 0xf6,
    0x0, 0xaf, 0x80, 0xff, 0xe, 0xf2, 0xbf, 0x30,
    0x0, 0xdf, 0x51, 0xfd, 0xe, 0xf1, 0x9f, 0x50,
    0x1, 0xff, 0x14, 0xfb, 0xe, 0xf1, 0x7f, 0x80,
    0x6, 0xfe, 0x7, 0xf8, 0xe, 0xf1, 0x5f, 0xb0,
    0xb, 0xf9, 0xc, 0xf5, 0xe, 0xf1, 0x1f, 0xf0,
    0x1f, 0xf4, 0x1d, 0xd0, 0xe, 0xf1, 0xa, 0xd4,

    /* U+6E10 "渐" */
    0x0, 0x0, 0x0, 0x0, 0x0, 0x0, 0x1, 0x10,
    0xb, 0xc8, 0x4, 0xfa, 0x0, 0xef, 0xff, 0xf0,
    0xc, 0xfe, 0xcf, 0xff, 0xfa, 0xef, 0xfd, 0xc0,
    0x0, 0x48, 0xdf, 0xff, 0xfb, 0xef, 0x10, 0x0,
    0x1, 0x0, 0xe, 0xd0, 0x0, 0xef, 0x10, 0x0,
    0x1f, 0xd8, 0x1f, 0xde, 0x30, 0xef, 0xcc, 0xc4,
    0x1f, 0xfe, 0x4f, 0xbf, 0x40, 0xef, 0xff, 0xf6,
    0x4, 0x9c, 0x7f, 0x9f, 0x51, 0xef, 0xaf, 0xe3,
    0x0, 0x0, 0xaf, 0xff, 0xfb, 0xef, 0x1f, 0xd0,
    0x1, 0xdb, 0xbd, 0xff, 0xe9, 0xef, 0x1f, 0xd0,
    0x3, 0xfc, 0x0, 0xaf, 0x40, 0xff, 0x1f, 0xd0,
    0x5, 0xfa, 0x3, 0xcf, 0xdb, 0xfe, 0x1f, 0xd0,
    0x7, 0xf8, 0xef, 0xff, 0xfc, 0xfe, 0x1f, 0xd0,
    0xb, 0xf6, 0xee, 0xef, 0x85, 0xfc, 0x1f, 0xd0,
    0xe, 0xf3, 0x10, 0xaf, 0x45, 0xfa, 0x1f, 0xd0,
    0x1f, 0xf0, 0x0, 0xaf, 0x47, 0xf8, 0x1f, 0xd0,

    /* U+70B9 "点" */
    0x0, 0x0, 0x1, 0xff, 0x10, 0x0, 0x0, 0x0,
    0x0, 0x0, 0x1, 0xff, 0xff, 0xff, 0xff, 0x80,
    0x0, 0x0, 0x1, 0xff, 0xee, 0xee, 0xee, 0x70,
    0x0, 0x1, 0x11, 0xff, 0x11, 0x11, 0x10, 0x0,
    0x0, 0xff, 0xff, 0xff, 0xff, 0xff, 0xff, 0x0,
    0x0, 0xff, 0xff, 0xff, 0xff, 0xff, 0xff, 0x0,
    0x0, 0xff, 0x10, 0x0, 0x0, 0x1, 0xff, 0x0,
    0x0, 0xff, 0x10, 0x0, 0x0, 0x1, 0xff, 0x0,
    0x0, 0xff, 0xdc, 0xcc, 0xcc, 0xcd, 0xff, 0x0,
    0x0, 0xff, 0xff, 0xff, 0xff, 0xff, 0xff, 0x0,
    0x0, 0x11, 0x11, 0x11, 0x11, 0x11, 0x11, 0x0,
    0x2, 0xaa, 0x6, 0xa4, 0x4a, 0x60, 0xaa, 0x20,
    0x8, 0xfb, 0xc, 0xf5, 0x5f, 0xc0, 0xbf, 0x80,
    0xe, 0xf6, 0xe, 0xf3, 0x3f, 0xe0, 0x6f, 0xe0,
    0x3f, 0xf1, 0x1f, 0xf0, 0xf, 0xf1, 0x1f, 0xf3,

    /* U+7248 "版" */
    0x0, 0x0, 0x33, 0x0, 0x0, 0x11, 0x24, 0x40,
    0xc, 0xf2, 0xfe, 0xd, 0xff, 0xff, 0xff, 0xf0,
    0xc, 0xf2, 0xfe, 0xd, 0xff, 0xed, 0xcb, 0x90,
    0xc, 0xf2, 0xfe, 0xd, 0xf1, 0x0, 0x0, 0x0,
    0xc, 0xf3, 0xfe, 0xd, 0xf1, 0x0, 0x0, 0x0,
    0xc, 0xff, 0xff, 0xcd, 0xf9, 0x99, 0x99, 0x90,
    0xc, 0xff, 0xff, 0xbd, 0xff, 0xff, 0xff, 0xd0,
    0xc, 0xf2, 0x0, 0xd, 0xfe, 0xf7, 0x7f, 0x90,
    0xc, 0xfc, 0xcc, 0x3d, 0xf7, 0xfa, 0x9f, 0x50,
    0xc, 0xff, 0xff, 0x4d, 0xf1, 0xef, 0xee, 0x0,
    0xc, 0xf5, 0xbf, 0x4e, 0xf0, 0x8f, 0xf9, 0x0,
    0xd, 0xf0, 0x9f, 0x4f, 0xe0, 0x2f, 0xf6, 0x0,
    0xf, 0xf0, 0x9f, 0x6f, 0xc0, 0x5f, 0xfc, 0x0,
    0x1f, 0xd0, 0x9f, 0x9f, 0x90, 0xdf, 0xff, 0x30,
    0x3f, 0xb0, 0x9f, 0xdf, 0x67, 0xfd, 0x7f, 0xa0,
    0x7f, 0x80, 0x9f, 0xff, 0x3f, 0xf5, 0x1f, 0xf1,

    /* U+73AF "环" */
    0x3f, 0xff, 0xff, 0x6f, 0xff, 0xff, 0xff, 0xf5,
    0x3f, 0xff, 0xff, 0x6f, 0xff, 0xff, 0xff, 0xf5,
    0x1, 0x8f, 0xa1, 0x0, 0xb, 0xf5, 0x0, 0x0,
    0x0, 0x7f, 0x90, 0x0, 0xe, 0xf2, 0x0, 0x0,
    0x0, 0x7f, 0x90, 0x0, 0x4f, 0xe0, 0x9a, 0x0,
    0x1, 0x8f, 0xa1, 0x0, 0xbf, 0xb1, 0xbf, 0x40,
    0xf, 0xff, 0xff, 0x24, 0xff, 0xfe, 0x7f, 0x80,
    0xe, 0xff, 0xff, 0x3e, 0xfc, 0xfe, 0x3f, 0xc0,
    0x0, 0x7f, 0x90, 0x9f, 0xd3, 0xfe, 0xe, 0xf1,
    0x0, 0x7f, 0x90, 0xae, 0x22, 0xfe, 0xa, 0xf4,
    0x0, 0x7f, 0x90, 0x61, 0x2, 0xfe, 0x5, 0xb6,
    0x0, 0x8f, 0xc9, 0x50, 0x2, 0xfe, 0x0, 0x0,
    0x4f, 0xff, 0xff, 0x70, 0x2, 0xfe, 0x0, 0x0,
    0x4f, 0xfd, 0xa8, 0x30, 0x2, 0xfe, 0x0, 0x0,
    0x12, 0x0, 0x0, 0x0, 0x2, 0xfe, 0x0, 0x0,

    /* U+7535 "电" */
    0x0, 0x0, 0x2, 0xfe, 0x0, 0x0, 0x0, 0xd,
    0xff, 0xff, 0xff, 0xff, 0xff, 0xff, 0x20, 0xef,
    0xff, 0xff, 0xff, 0xff, 0xff, 0xf2, 0xe, 0xf3,
    0x11, 0x3f, 0xe1, 0x11, 0xef, 0x20, 0xef, 0x20,
    0x2, 0xfe, 0x0, 0xe, 0xf2, 0xe, 0xff, 0xff,
    0xff, 0xff, 0xff, 0xff, 0x20, 0xef, 0xff, 0xff,
    0xff, 0xff, 0xff, 0xf2, 0xe, 0xf3, 0x11, 0x2f,
    0xe1, 0x11, 0xef, 0x20, 0xef, 0x20, 0x2, 0xfe,
    0x0, 0xe, 0xf2, 0xe, 0xff, 0xff, 0xff, 0xff,
    0xff, 0xff, 0x20, 0xef, 0xff, 0xff, 0xff, 0xff,
    0xff, 0xf2, 0x1, 0x11, 0x11, 0x3f, 0xe1, 0x11,
    0x11, 0x0, 0x0, 0x0, 0x2, 0xfe, 0x0, 0x0,
    0x0, 0x0, 0x0, 0x0, 0x2f, 0xff, 0xff, 0xff,
    0xf8, 0x0, 0x0, 0x2, 0xff, 0xff, 0xff, 0xff,
    0x80,

    /* U+7801 "码" */
    0x0, 0x0, 0x0, 0x1, 0x11, 0x11, 0x11, 0x0,
    0x1f, 0xff, 0xff, 0xbe, 0xff, 0xff, 0xff, 0x50,
    0x1f, 0xff, 0xff, 0xbd, 0xff, 0xff, 0xff, 0x40,
    0x1, 0xbf, 0x71, 0x1, 0xfc, 0x0, 0xcf, 0x20,
    0x0, 0xff, 0x30, 0x3, 0xfb, 0x0, 0xef, 0x10,
    0x3, 0xff, 0x0, 0x4, 0xf9, 0x0, 0xff, 0x0,
    0xa, 0xff, 0xbb, 0x46, 0xf8, 0x0, 0xff, 0x0,
    0x1f, 0xff, 0xff, 0x57, 0xff, 0xee, 0xff, 0xe3,
    0x19, 0xf8, 0xaf, 0x58, 0xff, 0xff, 0xff, 0xf2,
    0x8, 0xf5, 0x7f, 0x51, 0x22, 0x22, 0x2e, 0xf2,
    0x8, 0xf5, 0x7f, 0x78, 0x88, 0x86, 0xe, 0xf1,
    0x8, 0xf5, 0x7f, 0x8f, 0xff, 0xfd, 0xe, 0xf1,
    0x8, 0xf5, 0x7f, 0x7c, 0xcc, 0xca, 0xf, 0xf0,
    0x8, 0xff, 0xff, 0x50, 0x0, 0x0, 0xf, 0xf0,
    0x7, 0xff, 0xff, 0x50, 0x0, 0x8f, 0xff, 0xf0,
    0x0, 0x0, 0x0, 0x0, 0x0, 0x8f, 0xff, 0xe0,

    /* U+7EA7 "级" */
    0x0, 0x2, 0x20, 0x0, 0x0, 0x0, 0x0, 0x0,
    0x0, 0x3f, 0xe0, 0xbf, 0xff, 0xff, 0xfd, 0x0,
    0x0, 0xaf, 0x80, 0xaf, 0xff, 0xff, 0xfa, 0x0,
    0x1, 0xff, 0x10, 0x3, 0xfc, 0x7, 0xf7, 0x0,
    0x7, 0xfb, 0x39, 0x73, 0xfc, 0xb, 0xf4, 0x0,
    0xe, 0xf7, 0xcf, 0x63, 0xfc, 0xe, 0xfe, 0xd0,
    0x2f, 0xff, 0xff, 0x3, 0xfc, 0x1b, 0xbf, 0xe0,
    0x2, 0xbf, 0xf9, 0x4, 0xfb, 0x0, 0x2f, 0xb0,
    0x0, 0x8f, 0xf2, 0x5, 0xff, 0x40, 0x5f, 0x90,
    0x0, 0xef, 0xb0, 0x7, 0xff, 0xf7, 0x9f, 0x50,
    0x5, 0xff, 0xff, 0x49, 0xff, 0xff, 0xff, 0x10,
    0xa, 0xff, 0xff, 0x3c, 0xf6, 0x9f, 0xfd, 0x0,
    0x0, 0x0, 0x0, 0xf, 0xf2, 0xc, 0xff, 0x30,
    0x16, 0x8a, 0xcf, 0x8f, 0xe0, 0x2f, 0xff, 0xf3,
    0x3f, 0xff, 0xff, 0xef, 0xa0, 0x8f, 0x98, 0xf5,
    0x2c, 0xa8, 0x66, 0xff, 0x41, 0xff, 0x20, 0x65,
    0x0, 0x0, 0x0, 0x0, 0x0, 0x0, 0x0, 0x0,

    /* U+7EAC "纬" */
    0x0, 0x1f, 0xf1, 0x0, 0xc, 0xf4, 0x0, 0x0,
    0x0, 0x8f, 0x90, 0x2f, 0xff, 0xff, 0xff, 0xb0,
    0x0, 0xff, 0x10, 0x2f, 0xff, 0xff, 0xff, 0xc0,
    0x7, 0xfa, 0x7d, 0x50, 0xc, 0xf4, 0x0, 0x0,
    0xe, 0xf7, 0xff, 0x1b, 0xcf, 0xfd, 0xcc, 0x60,
    0x4f, 0xff, 0xf9, 0xf, 0xff, 0xff, 0xff, 0x80,
    0x4, 0xdf, 0xf2, 0x3, 0x3d, 0xf7, 0x33, 0x10,
    0x0, 0xaf, 0xb0, 0x1, 0x1c, 0xf4, 0x0, 0x0,
    0x1, 0xff, 0x61, 0x5f, 0xff, 0xff, 0xff, 0xf1,
    0x8, 0xff, 0xff, 0x8f, 0xff, 0xff, 0xff, 0xf1,
    0xd, 0xff, 0xff, 0x30, 0xc, 0xf5, 0x1b, 0xf1,
    0x0, 0x0, 0x0, 0x0, 0xc, 0xf4, 0xb, 0xf1,
    0x17, 0x8a, 0xbd, 0x40, 0xc, 0xf4, 0xef, 0xf1,
    0x3f, 0xff, 0xff, 0x40, 0xc, 0xf4, 0xbd, 0xd1,
    0x2c, 0xa9, 0x75, 0x10, 0xc, 0xf4, 0x0, 0x0,

    /* U+7EC4 "组" */
    0x0, 0x1f, 0xd0, 0xf, 0xff, 0xff, 0xff, 0xe0,
    0x0, 0x7f, 0x80, 0xf, 0xff, 0xff, 0xff, 0xe0,
    0x0, 0xdf, 0x20, 0xf, 0xf0, 0x0, 0x2f, 0xe0,
    0x3, 0xfc, 0x7c, 0x3f, 0xf0, 0x0, 0x2f, 0xe0,
    0x9, 0xf6, 0xee, 0xf, 0xf4, 0x33, 0x5f, 0xe0,
    0xe, 0xfc, 0xf7, 0xf, 0xff, 0xff, 0xff, 0xe0,
    0x1b, 0xff, 0xf1, 0xf, 0xfb, 0xbb, 0xcf, 0xe0,
    0x0, 0x9f, 0xa0, 0xf, 0xf0, 0x0, 0x2f, 0xe0,
    0x0, 0xef, 0x50, 0xf, 0xf8, 0x88, 0x9f, 0xe0,
    0x5, 0xff, 0xfc, 0xf, 0xff, 0xff, 0xff, 0xe0,
    0xc, 0xff, 0xfc, 0xf, 0xf6, 0x66, 0x7f, 0xe0,
    0x0, 0x1, 0x22, 0xf, 0xf1, 0x0, 0x3f, 0xe0,
    0x1e, 0xff, 0xfb, 0xdf, 0xff, 0xff, 0xff, 0xfb,
    0x1f, 0xff, 0xd8, 0xdf, 0xff, 0xff, 0xff, 0xfb,
    0x2, 0x0, 0x0, 0x0, 0x0, 0x0, 0x0, 0x0,

    /* U+7ECF "经" */
    0x0, 0x2, 0x30, 0x0, 0x0, 0x0, 0x0, 0x0,
    0x0, 0x2f, 0xe0, 0x9f, 0xff, 0xff, 0xff, 0x80,
    0x0, 0x8f, 0x90, 0x8f, 0xff, 0xff, 0xff, 0x20,
    0x0, 0xef, 0x30, 0x0, 0x0, 0x3f, 0xfb, 0x0,
    0x4, 0xfc, 0x45, 0x10, 0x5, 0xef, 0xf2, 0x0,
    0xa, 0xf7, 0xfe, 0x26, 0xcf, 0xff, 0xfb, 0x50,
    0x1f, 0xff, 0xf7, 0xef, 0xff, 0xb9, 0xef, 0xf8,
    0x7, 0xff, 0xf1, 0xdc, 0x82, 0x0, 0x5, 0xb8,
    0x0, 0x9f, 0xa0, 0x25, 0x55, 0x55, 0x55, 0x51,
    0x0, 0xff, 0x51, 0x7f, 0xff, 0xff, 0xff, 0xf3,
    0x7, 0xff, 0xfc, 0x4a, 0xab, 0xff, 0xaa, 0xa2,
    0xc, 0xff, 0xfc, 0x0, 0x2, 0xfe, 0x0, 0x0,
    0x0, 0x12, 0x43, 0x0, 0x2, 0xfe, 0x0, 0x0,
    0x1f, 0xff, 0xfa, 0xff, 0xff, 0xff, 0xff, 0xfb,
    0x1f, 0xec, 0xa6, 0xff, 0xff, 0xff, 0xff, 0xfb,
    0x0, 0x0, 0x0, 0x0, 0x0, 0x0, 0x0, 0x0,

    /* U+7EF4 "维" */
    0x0, 0x4f, 0xc0, 0x6, 0xf8, 0x1f, 0xf0, 0x0,
    0x0, 0xaf, 0x60, 0xa, 0xf7, 0x2f, 0xf1, 0x10,
    0x1, 0xff, 0x0, 0xe, 0xff, 0xff, 0xff, 0xf3,
    0x7, 0xf9, 0x9d, 0x7f, 0xfe, 0xef, 0xfe, 0xe2,
    0xd, 0xf8, 0xfd, 0xdf, 0xf0, 0x1f, 0xf0, 0x0,
    0x2f, 0xff, 0xf8, 0xff, 0xfe, 0xef, 0xfe, 0xe0,
    0x3, 0xdf, 0xf3, 0xff, 0xff, 0xff, 0xff, 0xf0,
    0x0, 0xbf, 0xa1, 0xaf, 0xf2, 0x3f, 0xf2, 0x20,
    0x1, 0xff, 0x62, 0x2f, 0xf0, 0x1f, 0xf0, 0x0,
    0x7, 0xff, 0xfe, 0x1f, 0xfe, 0xef, 0xfe, 0xe0,
    0xc, 0xff, 0xfe, 0x1f, 0xff, 0xff, 0xff, 0xf0,
    0x0, 0x0, 0x0, 0x1f, 0xf1, 0x2f, 0xf1, 0x10,
    0x4, 0x67, 0x9b, 0x1f, 0xf0, 0x1f, 0xf0, 0x0,
    0x2f, 0xff, 0xff, 0x1f, 0xff, 0xff, 0xff, 0xf5,
    0x2d, 0xba, 0x86, 0x1f, 0xff, 0xff, 0xff, 0xf5,

    /* U+7F51 "网" */
    0xef, 0xff, 0xff, 0xff, 0xff, 0xff, 0xfe, 0xef,
    0xff, 0xff, 0xff, 0xff, 0xff, 0xfe, 0xef, 0x21,
    0x11, 0x11, 0x11, 0x12, 0xfe, 0xef, 0xbd, 0x24,
    0xdd, 0x70, 0xdc, 0xfe, 0xef, 0x8f, 0x7a, 0xff,
    0xd4, 0xf9, 0xfe, 0xef, 0x3f, 0xde, 0xcb, 0xfc,
    0xf4, 0xfe, 0xef, 0x1c, 0xff, 0x76, 0xff, 0xc1,
    0xfe, 0xef, 0x17, 0xff, 0x21, 0xff, 0x71, 0xfe,
    0xef, 0x18, 0xff, 0x23, 0xff, 0x81, 0xfe, 0xef,
    0x1e, 0xff, 0x88, 0xff, 0xd1, 0xfe, 0xef, 0x5f,
    0xcf, 0xdd, 0xfc, 0xf4, 0xfe, 0xef, 0xaf, 0x6b,
    0xff, 0xb6, 0xfa, 0xfe, 0xef, 0xff, 0x16, 0xff,
    0x61, 0xff, 0xfe, 0xef, 0x75, 0x1, 0x66, 0x10,
    0x57, 0xfe, 0xef, 0x10, 0x0, 0x0, 0x0, 0x1,
    0xfe,

    /* U+81F3 "至" */
    0xf, 0xff, 0xff, 0xff, 0xff, 0xff, 0xff, 0xf0,
    0xf, 0xff, 0xff, 0xff, 0xff, 0xff, 0xff, 0xf0,
    0x0, 0x0, 0xcf, 0xc0, 0x0, 0x0, 0x0, 0x0,
    0x0, 0x6, 0xff, 0x30, 0x0, 0x1e, 0xe3, 0x0,
    0x0, 0xe, 0xfa, 0x0, 0x0, 0xa, 0xfa, 0x0,
    0x9, 0xff, 0xff, 0xff, 0xff, 0xff, 0xff, 0x20,
    0x9, 0xff, 0xff, 0xff, 0xff, 0xff, 0xff, 0xa0,
    0x0, 0x0, 0x0, 0x1f, 0xf1, 0x0, 0x0, 0x0,
    0x1, 0x33, 0x33, 0x4f, 0xf4, 0x33, 0x33, 0x10,
    0x8, 0xff, 0xff, 0xff, 0xff, 0xff, 0xff, 0x80,
    0x6, 0xdd, 0xdd, 0xdf, 0xfd, 0xdd, 0xdd, 0x60,
    0x0, 0x0, 0x0, 0x1f, 0xf1, 0x0, 0x0, 0x0,
    0x4f, 0xff, 0xff, 0xff, 0xff, 0xff, 0xff, 0xf4,
    0x4f, 0xff, 0xff, 0xff, 0xff, 0xff, 0xff, 0xf4,

    /* U+8282 "节" */
    0x0, 0xa, 0xf7, 0x0, 0x7f, 0x90, 0x0, 0xbd,
    0xde, 0xfe, 0xdd, 0xef, 0xed, 0xda, 0xef, 0xff,
    0xff, 0xff, 0xff, 0xff, 0xfd, 0x23, 0x3b, 0xf8,
    0x33, 0x9f, 0xb3, 0x32, 0x0, 0x4, 0x73, 0x0,
    0x37, 0x40, 0x0, 0xbf, 0xff, 0xff, 0xff, 0xff,
    0xff, 0xf5, 0xbf, 0xff, 0xff, 0xff, 0xff, 0xff,
    0xf5, 0x11, 0x15, 0xfd, 0x11, 0x11, 0x1c, 0xf4,
    0x0, 0x4, 0xfd, 0x0, 0x0, 0xb, 0xf4, 0x0,
    0x4, 0xfd, 0x0, 0x0, 0xc, 0xf4, 0x0, 0x4,
    0xfd, 0x0, 0x0, 0xc, 0xf3, 0x0, 0x4, 0xfd,
    0x0, 0x1, 0x1d, 0xf3, 0x0, 0x4, 0xfd, 0x0,
    0x2f, 0xff, 0xf3, 0x0, 0x4, 0xfd, 0x0, 0x2f,
    0xff, 0xf2, 0x0, 0x4, 0xfd, 0x0, 0x0, 0x0,
    0x0,

    /* U+83DC "菜" */
    0x2, 0x33, 0xdf, 0x63, 0x36, 0xfd, 0x33, 0x20,
    0xf, 0xff, 0xff, 0xff, 0xff, 0xff, 0xff, 0xf0,
    0xb, 0xcc, 0xff, 0xdc, 0xcd, 0xff, 0xcc, 0xb0,
    0x1, 0x44, 0xac, 0x65, 0x57, 0xbb, 0x9a, 0x50,
    0x6, 0xff, 0xff, 0xff, 0xff, 0xff, 0xff, 0x70,
    0x3, 0xab, 0xa8, 0x9a, 0xa6, 0x57, 0x96, 0x0,
    0x0, 0x4f, 0xe0, 0x2f, 0xf1, 0xb, 0xf7, 0x0,
    0x0, 0xf, 0xf3, 0xd, 0xf5, 0xf, 0xf2, 0x0,
    0x6, 0x69, 0x97, 0x6d, 0xd6, 0x79, 0x96, 0x60,
    0xf, 0xff, 0xff, 0xff, 0xff, 0xff, 0xff, 0xf1,
    0xa, 0xac, 0xfe, 0xaf, 0xfa, 0xef, 0xca, 0xa0,
    0x0, 0xc, 0xf8, 0xf, 0xf0, 0x8f, 0xc0, 0x0,
    0x6, 0xdf, 0xd1, 0xf, 0xf0, 0x1d, 0xfd, 0x60,
    0x3f, 0xfd, 0x20, 0xf, 0xf0, 0x2, 0xdf, 0xf3,
    0x3c, 0x60, 0x0, 0xf, 0xf0, 0x0, 0x6, 0xc3,
    0x0, 0x0, 0x0, 0x0, 0x0, 0x0, 0x0, 0x0,

    /* U+8840 "血" */
    0x0, 0x0, 0x0, 0x5f, 0xc0, 0x0, 0x0, 0x0,
    0x7, 0xdd, 0xdd, 0xef, 0xed, 0xdd, 0xdd, 0x10,
    0x8, 0xff, 0xff, 0xff, 0xff, 0xff, 0xff, 0x10,
    0x8, 0xfa, 0x3e, 0xf3, 0x9f, 0x93, 0xff, 0x10,
    0x8, 0xf8, 0xe, 0xf0, 0x7f, 0x70, 0xff, 0x10,
    0x8, 0xf8, 0xe, 0xf0, 0x7f, 0x70, 0xff, 0x10,
    0x8, 0xf8, 0xe, 0xf0, 0x7f, 0x70, 0xff, 0x10,
    0x8, 0xf8, 0xe, 0xf0, 0x7f, 0x70, 0xff, 0x10,
    0x8, 0xf8, 0xe, 0xf0, 0x7f, 0x70, 0xff, 0x10,
    0x8, 0xf8, 0xe, 0xf0, 0x7f, 0x70, 0xff, 0x10,
    0x8, 0xf8, 0xe, 0xf0, 0x7f, 0x70, 0xff, 0x10,
    0x8, 0xf8, 0xe, 0xf0, 0x7f, 0x70, 0xff, 0x10,
    0xbf, 0xff, 0xff, 0xff, 0xff, 0xff, 0xff, 0xf4,
    0xbf, 0xff, 0xff, 0xff, 0xff, 0xff, 0xff, 0xf4,
    0x1, 0x11, 0x11, 0x11, 0x11, 0x11, 0x11, 0x10,

    /* U+8B66 "警" */
    0x0, 0x0, 0x0, 0x0, 0x1, 0x33, 0x33, 0x30,
    0x3f, 0xff, 0xff, 0xff, 0x5b, 0xff, 0xff, 0xf3,
    0x5, 0xdf, 0x3e, 0xf5, 0x7f, 0xf7, 0x9f, 0xb1,
    0x9, 0xff, 0xff, 0xff, 0x8e, 0xf8, 0xbf, 0x30,
    0x2f, 0xda, 0xa8, 0xdf, 0x30, 0xdf, 0xfb, 0x0,
    0x3c, 0xf9, 0xea, 0xdf, 0x5b, 0xff, 0xff, 0xa1,
    0x4, 0xfd, 0xfa, 0xdf, 0x8f, 0xc4, 0x5d, 0xf3,
    0x15, 0x88, 0x87, 0x7f, 0xe6, 0x55, 0x55, 0x72,
    0x3f, 0xff, 0xff, 0xff, 0xff, 0xff, 0xff, 0xf3,
    0x17, 0x9a, 0xaa, 0xaa, 0xaa, 0xaa, 0xa9, 0x71,
    0x0, 0x9f, 0xff, 0xff, 0xff, 0xff, 0xf9, 0x0,
    0x0, 0x7b, 0xbb, 0xbb, 0xbb, 0xbb, 0xb7, 0x0,
    0x0, 0x8a, 0xaa, 0xaa, 0xaa, 0xaa, 0xa8, 0x0,
    0x2, 0xff, 0xff, 0xff, 0xff, 0xff, 0xff, 0x20,
    0x2, 0xff, 0x33, 0x33, 0x33, 0x33, 0xff, 0x20,
    0x2, 0xff, 0xff, 0xff, 0xff, 0xff, 0xff, 0x20,

    /* U+8BA4 "认" */
    0x2, 0xfe, 0x0, 0x0, 0x3, 0xfd, 0x0, 0x0,
    0x0, 0xef, 0x40, 0x0, 0x3, 0xfd, 0x0, 0x0,
    0x0, 0x9f, 0x90, 0x0, 0x3, 0xfd, 0x0, 0x0,
    0x0, 0x28, 0x70, 0x0, 0x3, 0xfd, 0x0, 0x0,
    0x12, 0x22, 0x0, 0x0, 0x4, 0xfe, 0x0, 0x0,
    0x7f, 0xff, 0x30, 0x0, 0x6, 0xff, 0x0, 0x0,
    0x6f, 0xff, 0x30, 0x0, 0x8, 0xff, 0x10, 0x0,
    0x0, 0xef, 0x30, 0x0, 0xc, 0xff, 0x60, 0x0,
    0x0, 0xef, 0x30, 0x0, 0x1f, 0xff, 0xa0, 0x0,
    0x0, 0xef, 0x30, 0x0, 0x8f, 0xcf, 0xf2, 0x0,
    0x0, 0xef, 0x31, 0x3, 0xff, 0x39, 0xfb, 0x0,
    0x0, 0xef, 0xe9, 0x2e, 0xfa, 0x1, 0xef, 0xa0,
    0x0, 0xef, 0xf9, 0xff, 0xd0, 0x0, 0x4f, 0xf9,
    0x0, 0xef, 0x93, 0xfc, 0x10, 0x0, 0x5, 0xfa,
    0x0, 0x61, 0x1, 0x80, 0x0, 0x0, 0x0, 0x26,

    /* U+94A5 "钥" */
    0x0, 0x32, 0x0, 0x0, 0x0, 0x0, 0x0, 0x0,
    0x5f, 0xc0, 0x0, 0xaf, 0xff, 0xff, 0xff, 0x7,
    0xfe, 0xcc, 0x5a, 0xff, 0xff, 0xff, 0xf0, 0xaf,
    0xff, 0xf7, 0xaf, 0x61, 0x12, 0xff, 0xd, 0xf6,
    0x22, 0xa, 0xf6, 0x0, 0x1f, 0xf1, 0xff, 0x75,
    0x51, 0xaf, 0x71, 0x12, 0xff, 0x3d, 0xff, 0xff,
    0x3a, 0xff, 0xff, 0xff, 0xf0, 0x5c, 0xfd, 0x92,
    0xaf, 0xee, 0xee, 0xff, 0x0, 0x6f, 0xa0, 0xa,
    0xf6, 0x0, 0x1f, 0xf1, 0xef, 0xff, 0xe8, 0xbf,
    0x71, 0x12, 0xff, 0x1f, 0xff, 0xff, 0x9b, 0xff,
    0xff, 0xff, 0xf0, 0x6, 0xfa, 0x0, 0xcf, 0xed,
    0xdd, 0xff, 0x0, 0x6f, 0xa0, 0xe, 0xf2, 0x0,
    0x1f, 0xf0, 0x6, 0xfd, 0xc5, 0xff, 0x0, 0x1,
    0xff, 0x0, 0x6f, 0xff, 0x9f, 0xd0, 0x0, 0x1f,
    0xf0, 0x6, 0xd9, 0x59, 0xf9, 0x0, 0x1, 0xff,
    0x0, 0x0, 0x0, 0x0, 0x0, 0x0, 0x0, 0x0,

    /* U+96E8 "雨" */
    0x2f, 0xff, 0xff, 0xff, 0xff, 0xff, 0xff, 0xf9,
    0x2f, 0xff, 0xff, 0xff, 0xff, 0xff, 0xff, 0xf9,
    0x0, 0x0, 0x0, 0xc, 0xf3, 0x0, 0x0, 0x0,
    0x1, 0x22, 0x22, 0x2c, 0xf5, 0x22, 0x22, 0x20,
    0xc, 0xff, 0xff, 0xff, 0xff, 0xff, 0xff, 0xf3,
    0xc, 0xfe, 0xdd, 0xdf, 0xfe, 0xdd, 0xdf, 0xf3,
    0xc, 0xf4, 0x86, 0xc, 0xf3, 0x77, 0xc, 0xf3,
    0xc, 0xf3, 0xef, 0xc, 0xf3, 0xdf, 0x1c, 0xf3,
    0xc, 0xf3, 0xaf, 0x4c, 0xf3, 0x9f, 0x5c, 0xf3,
    0xc, 0xf3, 0x7f, 0x7c, 0xf3, 0x5f, 0x8c, 0xf3,
    0xc, 0xf4, 0x97, 0xc, 0xf3, 0x98, 0xc, 0xf3,
    0xc, 0xf3, 0xef, 0xc, 0xf3, 0xdf, 0x1c, 0xf3,
    0xc, 0xf3, 0xaf, 0x4c, 0xf3, 0x9f, 0x5c, 0xf3,
    0xc, 0xf3, 0x6f, 0x7c, 0xf3, 0x5f, 0x8c, 0xf3,
    0xc, 0xf3, 0x0, 0xc, 0xf3, 0x0, 0xc, 0xf3,

    /* U+9884 "预" */
    0x1, 0x11, 0x10, 0x0, 0x0, 0x0, 0x0, 0x0,
    0x5f, 0xff, 0xfd, 0xef, 0xff, 0xff, 0xff, 0xf1,
    0x5f, 0xff, 0xfa, 0xdf, 0xff, 0xff, 0xff, 0xf1,
    0x27, 0x26, 0xf6, 0x0, 0x9, 0xf4, 0x0, 0x0,
    0x2f, 0x99, 0xf3, 0x7f, 0xff, 0xff, 0xff, 0x60,
    0xe, 0xed, 0xf0, 0x8f, 0xff, 0xff, 0xff, 0x70,
    0x7f, 0xff, 0xff, 0xaf, 0x72, 0x41, 0x8f, 0x70,
    0x7e, 0xff, 0xff, 0xaf, 0x78, 0xf5, 0x8f, 0x70,
    0x0, 0xef, 0x7f, 0xaf, 0x78, 0xf5, 0x8f, 0x70,
    0x0, 0xef, 0x35, 0x8f, 0x79, 0xf5, 0x8f, 0x70,
    0x0, 0xef, 0x10, 0x8f, 0x7a, 0xf4, 0x8f, 0x70,
    0x0, 0xef, 0x10, 0x6d, 0x6e, 0xfe, 0xbd, 0x50,
    0x0, 0xef, 0x10, 0x0, 0x7f, 0xef, 0xf4, 0x0,
    0x1, 0xef, 0x10, 0x29, 0xff, 0x35, 0xfe, 0x0,
    0x3f, 0xff, 0x10, 0xff, 0xf5, 0x0, 0x9f, 0x60,
    0x2f, 0xff, 0x10, 0xfa, 0x20, 0x0, 0x3f, 0xb0,
    0x0, 0x0, 0x0, 0x0, 0x0, 0x0, 0x0, 0x0,

    /* U+9ED8 "默" */
    0x1d, 0xdd, 0xdd, 0xdc, 0x0, 0x1f, 0xd5, 0xb0,
    0x1f, 0xff, 0xff, 0xff, 0x0, 0x1f, 0xd4, 0xf2,
    0x1f, 0xb7, 0xf6, 0xcf, 0x13, 0x4f, 0xe1, 0x40,
    0x1f, 0xcb, 0xfc, 0xbf, 0x4f, 0xff, 0xff, 0xf8,
    0x1f, 0x98, 0xf8, 0xaf, 0x4f, 0xff, 0xff, 0xf8,
    0x1f, 0xff, 0xff, 0xff, 0x0, 0x1f, 0xd1, 0x0,
    0xa, 0xad, 0xfc, 0xa9, 0x0, 0x2f, 0xfb, 0x0,
    0xb, 0xbe, 0xfd, 0xb8, 0x0, 0x3f, 0xfe, 0x0,
    0xf, 0xff, 0xff, 0xfb, 0x0, 0x5f, 0xff, 0x20,
    0x4, 0x4b, 0xf9, 0x44, 0x0, 0x8f, 0xff, 0x60,
    0x3f, 0xff, 0xff, 0xff, 0x0, 0xcf, 0x9f, 0xa0,
    0x2a, 0xaa, 0xaa, 0xaa, 0x2, 0xff, 0x1f, 0xe0,
    0x2c, 0x6c, 0x6b, 0x7a, 0x8, 0xfc, 0xc, 0xf2,
    0x4f, 0x8f, 0x8f, 0x8e, 0x1f, 0xf6, 0x8, 0xf6,
    0x4e, 0x7e, 0x6e, 0x7e, 0xaf, 0xe0, 0x4, 0xfa,
    0x0, 0x0, 0x0, 0x0, 0x0, 0x0, 0x0, 0x0,

    /* U+F001 "" */
    0x0, 0x0, 0x0, 0x0, 0x0, 0x0, 0x0, 0x0,
    0x0, 0x0, 0x0, 0x0, 0x0, 0x0, 0x49, 0xdc,
    0x0, 0x0, 0x0, 0x0, 0x16, 0xbf, 0xff, 0xff,
    0x0, 0x0, 0x3, 0x8d, 0xff, 0xff, 0xff, 0xff,
    0x0, 0x0, 0xcf, 0xff, 0xff, 0xff, 0xff, 0xff,
    0x0, 0x0, 0xff, 0xff, 0xff, 0xff, 0xc7, 0xff,
    0x0, 0x0, 0xff, 0xff, 0xfa, 0x51, 0x0, 0xff,
    0x0, 0x0, 0xff, 0x84, 0x0, 0x0, 0x0, 0xff,
    0x0, 0x0, 0xff, 0x0, 0x0, 0x0, 0x0, 0xff,
    0x0, 0x0, 0xff, 0x0, 0x0, 0x0, 0x0, 0xff,
    0x0, 0x0, 0xff, 0x0, 0x0, 0x0, 0x0, 0xff,
    0x0, 0x0, 0xff, 0x0, 0x0, 0x2b, 0xee, 0xff,
    0x0, 0x0, 0xff, 0x0, 0x0, 0xdf, 0xff, 0xff,
    0x2b, 0xee, 0xff, 0x0, 0x0, 0xdf, 0xff, 0xfd,
    0xdf, 0xff, 0xff, 0x0, 0x0, 0x2b, 0xff, 0xb2,
    0xdf, 0xff, 0xfd, 0x0, 0x0, 0x0, 0x0, 0x0,
    0x2b, 0xff, 0xb2, 0x0, 0x0, 0x0, 0x0, 0x0,

    /* U+F008 "" */
    0xd0, 0xf, 0xff, 0xff, 0xff, 0xff, 0xf0, 0xd,
    0xff, 0xff, 0xc8, 0x88, 0x88, 0x8c, 0xff, 0xff,
    0xf0, 0xf, 0x80, 0x0, 0x0, 0x8, 0xf0, 0xf,
    0xf0, 0xf, 0x80, 0x0, 0x0, 0x8, 0xf0, 0xf,
    0xff, 0xff, 0x80, 0x0, 0x0, 0x8, 0xff, 0xff,
    0xf0, 0xf, 0xec, 0xcc, 0xcc, 0xce, 0xf0, 0xf,
    0xf0, 0xf, 0xec, 0xcc, 0xcc, 0xce, 0xf0, 0xf,
    0xff, 0xff, 0x80, 0x0, 0x0, 0x8, 0xff, 0xff,
    0xf0, 0xf, 0x80, 0x0, 0x0, 0x8, 0xf0, 0xf,
    0xf0, 0xf, 0x80, 0x0, 0x0, 0x8, 0xf0, 0xf,
    0xff, 0xff, 0xc8, 0x88, 0x88, 0x8c, 0xff, 0xff,
    0xd0, 0xf, 0xff, 0xff, 0xff, 0xff, 0xf0, 0xd,

    /* U+F00B "" */
    0xdf, 0xff, 0x73, 0xff, 0xff, 0xff, 0xff, 0xfd,
    0xff, 0xff, 0xa5, 0xff, 0xff, 0xff, 0xff, 0xff,
    0xff, 0xff, 0xa5, 0xff, 0xff, 0xff, 0xff, 0xff,
    0xdf, 0xff, 0x73, 0xff, 0xff, 0xff, 0xff, 0xfd,
    0x0, 0x0, 0x0, 0x0, 0x0, 0x0, 0x0, 0x0,
    0xdf, 0xff, 0x73, 0xff, 0xff, 0xff, 0xff, 0xfd,
    0xff, 0xff, 0xa5, 0xff, 0xff, 0xff, 0xff, 0xff,
    0xff, 0xff, 0xa5, 0xff, 0xff, 0xff, 0xff, 0xff,
    0xdf, 0xff, 0x73, 0xff, 0xff, 0xff, 0xff, 0xfd,
    0x0, 0x0, 0x0, 0x0, 0x0, 0x0, 0x0, 0x0,
    0xdf, 0xff, 0x73, 0xff, 0xff, 0xff, 0xff, 0xfd,
    0xff, 0xff, 0xa5, 0xff, 0xff, 0xff, 0xff, 0xff,
    0xff, 0xff, 0xa5, 0xff, 0xff, 0xff, 0xff, 0xff,
    0xdf, 0xff, 0x73, 0xff, 0xff, 0xff, 0xff, 0xfd,

    /* U+F00C "" */
    0x0, 0x0, 0x0, 0x0, 0x0, 0x0, 0xa, 0xb1,
    0x0, 0x0, 0x0, 0x0, 0x0, 0x0, 0xbf, 0xfc,
    0x0, 0x0, 0x0, 0x0, 0x0, 0xb, 0xff, 0xfb,
    0x0, 0x0, 0x0, 0x0, 0x0, 0xbf, 0xff, 0xc0,
    0x1b, 0xa0, 0x0, 0x0, 0xb, 0xff, 0xfc, 0x0,
    0xcf, 0xfb, 0x0, 0x0, 0xbf, 0xff, 0xc0, 0x0,
    0xbf, 0xff, 0xb0, 0xb, 0xff, 0xfc, 0x0, 0x0,
    0xc, 0xff, 0xfb, 0xbf, 0xff, 0xc0, 0x0, 0x0,
    0x0, 0xcf, 0xff, 0xff, 0xfb, 0x0, 0x0, 0x0,
    0x0, 0xc, 0xff, 0xff, 0xb0, 0x0, 0x0, 0x0,
    0x0, 0x0, 0xbf, 0xfb, 0x0, 0x0, 0x0, 0x0,
    0x0, 0x0, 0xb, 0xb0, 0x0, 0x0, 0x0, 0x0,

    /* U+F00D "" */
    0x3, 0x0, 0x0, 0x0, 0x3, 0x8, 0xfc, 0x10,
    0x0, 0x1c, 0xf8, 0xff, 0xfc, 0x10, 0x1c, 0xff,
    0xf5, 0xff, 0xfc, 0x2c, 0xff, 0xf5, 0x5, 0xff,
    0xff, 0xff, 0xf5, 0x0, 0x5, 0xff, 0xff, 0xf5,
    0x0, 0x0, 0x1d, 0xff, 0xfd, 0x10, 0x0, 0x1c,
    0xff, 0xff, 0xfc, 0x10, 0x1c, 0xff, 0xf9, 0xff,
    0xfc, 0x1c, 0xff, 0xf5, 0x5, 0xff, 0xfc, 0xdf,
    0xf5, 0x0, 0x5, 0xff, 0xd1, 0xa4, 0x0, 0x0,
    0x4, 0xa1,

    /* U+F011 "" */
    0x0, 0x0, 0x0, 0x4f, 0xe0, 0x0, 0x0, 0x0,
    0x0, 0x2, 0x10, 0x6f, 0xf1, 0x3, 0x10, 0x0,
    0x0, 0x5f, 0xd0, 0x6f, 0xf1, 0x3f, 0xd1, 0x0,
    0x3, 0xff, 0xf1, 0x6f, 0xf1, 0x5f, 0xfd, 0x0,
    0xd, 0xff, 0x40, 0x6f, 0xf1, 0x9, 0xff, 0x70,
    0x4f, 0xf7, 0x0, 0x6f, 0xf1, 0x0, 0xcf, 0xe0,
    0x9f, 0xf0, 0x0, 0x6f, 0xf1, 0x0, 0x5f, 0xf3,
    0xbf, 0xc0, 0x0, 0x6f, 0xf1, 0x0, 0x2f, 0xf5,
    0xbf, 0xc0, 0x0, 0x4f, 0xe0, 0x0, 0x1f, 0xf6,
    0xaf, 0xe0, 0x0, 0x0, 0x0, 0x0, 0x4f, 0xf4,
    0x6f, 0xf4, 0x0, 0x0, 0x0, 0x0, 0xaf, 0xf0,
    0xf, 0xfe, 0x10, 0x0, 0x0, 0x5, 0xff, 0xa0,
    0x6, 0xff, 0xd3, 0x0, 0x0, 0x7f, 0xff, 0x20,
    0x0, 0x9f, 0xff, 0xda, 0xbe, 0xff, 0xf4, 0x0,
    0x0, 0x6, 0xff, 0xff, 0xff, 0xfd, 0x30, 0x0,
    0x0, 0x0, 0x17, 0xbd, 0xca, 0x50, 0x0, 0x0,

    /* U+F013 "" */
    0x0, 0x0, 0x0, 0x8b, 0xb8, 0x0, 0x0, 0x0,
    0x0, 0x0, 0x0, 0xff, 0xff, 0x0, 0x0, 0x0,
    0x0, 0x30, 0x6, 0xff, 0xff, 0x60, 0x3, 0x0,
    0x4, 0xfd, 0xdf, 0xff, 0xff, 0xfd, 0xef, 0x40,
    0xd, 0xff, 0xff, 0xff, 0xff, 0xff, 0xff, 0xd0,
    0x4f, 0xff, 0xff, 0xf9, 0x9f, 0xff, 0xff, 0xf4,
    0x8, 0xff, 0xff, 0x20, 0x2, 0xff, 0xff, 0x80,
    0x0, 0xff, 0xf9, 0x0, 0x0, 0x9f, 0xff, 0x0,
    0x0, 0xff, 0xf9, 0x0, 0x0, 0x9f, 0xff, 0x0,
    0x8, 0xff, 0xff, 0x20, 0x2, 0xff, 0xff, 0x80,
    0x4f, 0xff, 0xff, 0xf9, 0x9f, 0xff, 0xff, 0xf4,
    0xd, 0xff, 0xff, 0xff, 0xff, 0xff, 0xff, 0xd0,
    0x4, 0xfe, 0xdf, 0xff, 0xff, 0xfd, 0xdf, 0x40,
    0x0, 0x30, 0x6, 0xff, 0xff, 0x60, 0x3, 0x0,
    0x0, 0x0, 0x0, 0xff, 0xff, 0x0, 0x0, 0x0,
    0x0, 0x0, 0x0, 0x8b, 0xb8, 0x0, 0x0, 0x0,

    /* U+F015 "" */
    0x0, 0x0, 0x0, 0x3, 0xdd, 0x30, 0x3f, 0xf3,
    0x0, 0x0, 0x0, 0x0, 0x6f, 0xff, 0xf5, 0x4f,
    0xf4, 0x0, 0x0, 0x0, 0x9, 0xff, 0x99, 0xff,
    0xbf, 0xf4, 0x0, 0x0, 0x1, 0xbf, 0xf6, 0x22,
    0x6f, 0xff, 0xf4, 0x0, 0x0, 0x2d, 0xfe, 0x35,
    0xff, 0x53, 0xef, 0xf4, 0x0, 0x4, 0xff, 0xc1,
    0x8f, 0xff, 0xf8, 0x1c, 0xfe, 0x40, 0x7f, 0xfa,
    0x1a, 0xff, 0xff, 0xff, 0xa1, 0xaf, 0xf7, 0xcf,
    0x82, 0xdf, 0xff, 0xff, 0xff, 0xfd, 0x28, 0xfc,
    0x14, 0xe, 0xff, 0xff, 0xff, 0xff, 0xff, 0xe0,
    0x41, 0x0, 0xf, 0xff, 0xff, 0xff, 0xff, 0xff,
    0xf0, 0x0, 0x0, 0xf, 0xff, 0xf9, 0x0, 0x8f,
    0xff, 0xf0, 0x0, 0x0, 0xf, 0xff, 0xf8, 0x0,
    0x8f, 0xff, 0xf0, 0x0, 0x0, 0xf, 0xff, 0xf8,
    0x0, 0x8f, 0xff, 0xf0, 0x0, 0x0, 0xe, 0xff,
    0xf6, 0x0, 0x6f, 0xff, 0xe0, 0x0,

    /* U+F019 "" */
    0x0, 0x0, 0x0, 0xdf, 0xfd, 0x0, 0x0, 0x0,
    0x0, 0x0, 0x0, 0xff, 0xff, 0x0, 0x0, 0x0,
    0x0, 0x0, 0x0, 0xff, 0xff, 0x0, 0x0, 0x0,
    0x0, 0x0, 0x0, 0xff, 0xff, 0x0, 0x0, 0x0,
    0x0, 0x0, 0x0, 0xff, 0xff, 0x0, 0x0, 0x0,
    0x0, 0x0, 0x0, 0xff, 0xff, 0x0, 0x0, 0x0,
    0x0, 0x4f, 0xff, 0xff, 0xff, 0xff, 0xf4, 0x0,
    0x0, 0xb, 0xff, 0xff, 0xff, 0xff, 0xb0, 0x0,
    0x0, 0x0, 0xbf, 0xff, 0xff, 0xfb, 0x0, 0x0,
    0x0, 0x0, 0xb, 0xff, 0xff, 0xb0, 0x0, 0x0,
    0x0, 0x0, 0x0, 0xbf, 0xfb, 0x0, 0x0, 0x0,
    0xdf, 0xff, 0xfc, 0x1b, 0xb1, 0xcf, 0xff, 0xfd,
    0xff, 0xff, 0xff, 0xc2, 0x2c, 0xff, 0xff, 0xff,
    0xff, 0xff, 0xff, 0xff, 0xff, 0xff, 0xff, 0xff,
    0xff, 0xff, 0xff, 0xff, 0xff, 0xf0, 0xe0, 0xff,
    0xdf, 0xff, 0xff, 0xff, 0xff, 0xff, 0xff, 0xfd,

    /* U+F01C "" */
    0x0, 0x4, 0xef, 0xff, 0xff, 0xff, 0xfe, 0x40,
    0x0, 0x0, 0x1e, 0xff, 0xff, 0xff, 0xff, 0xff,
    0xe1, 0x0, 0x0, 0xaf, 0xb0, 0x0, 0x0, 0x0,
    0xb, 0xfa, 0x0, 0x5, 0xff, 0x10, 0x0, 0x0,
    0x0, 0x1, 0xff, 0x50, 0x1e, 0xf6, 0x0, 0x0,
    0x0, 0x0, 0x0, 0x6f, 0xe1, 0xaf, 0xb0, 0x0,
    0x0, 0x0, 0x0, 0x0, 0xb, 0xfa, 0xff, 0xff,
    0xff, 0x70, 0x0, 0x8, 0xff, 0xff, 0xff, 0xff,
    0xff, 0xff, 0xe0, 0x0, 0xf, 0xff, 0xff, 0xff,
    0xff, 0xff, 0xff, 0xff, 0xff, 0xff, 0xff, 0xff,
    0xff, 0xff, 0xff, 0xff, 0xff, 0xff, 0xff, 0xff,
    0xff, 0xff, 0xff, 0xff, 0xff, 0xff, 0xff, 0xff,
    0xff, 0xff, 0xff, 0x8f, 0xff, 0xff, 0xff, 0xff,
    0xff, 0xff, 0xff, 0xf8,

    /* U+F021 "" */
    0x0, 0x0, 0x6, 0xbd, 0xda, 0x50, 0x2, 0xff,
    0x0, 0x5, 0xef, 0xff, 0xff, 0xfe, 0x42, 0xff,
    0x0, 0x7f, 0xff, 0xa7, 0x7b, 0xff, 0xf9, 0xff,
    0x5, 0xff, 0xc1, 0x0, 0x0, 0x2c, 0xff, 0xff,
    0xe, 0xfc, 0x0, 0x0, 0x2, 0x22, 0xdf, 0xff,
    0x5f, 0xf2, 0x0, 0x0, 0xf, 0xff, 0xff, 0xff,
    0x8f, 0xb0, 0x0, 0x0, 0xf, 0xff, 0xff, 0xff,
    0x0, 0x0, 0x0, 0x0, 0x0, 0x0, 0x0, 0x0,
    0x0, 0x0, 0x0, 0x0, 0x0, 0x0, 0x0, 0x0,
    0xff, 0xff, 0xff, 0xf0, 0x0, 0x0, 0xb, 0xf8,
    0xff, 0xff, 0xff, 0xf0, 0x0, 0x0, 0x2f, 0xf4,
    0xff, 0xfd, 0x22, 0x20, 0x0, 0x0, 0xcf, 0xe0,
    0xff, 0xff, 0xc2, 0x0, 0x0, 0x2c, 0xff, 0x40,
    0xff, 0x9f, 0xff, 0xb7, 0x6a, 0xff, 0xf7, 0x0,
    0xff, 0x24, 0xdf, 0xff, 0xff, 0xfe, 0x50, 0x0,
    0xff, 0x20, 0x5, 0xac, 0xdb, 0x60, 0x0, 0x0,

    /* U+F026 "" */
    0x0, 0x0, 0x0, 0x0, 0x0, 0x0, 0x0, 0x8d,
    0x0, 0x0, 0x8, 0xff, 0x0, 0x0, 0x8f, 0xff,
    0xdf, 0xff, 0xff, 0xff, 0xff, 0xff, 0xff, 0xff,
    0xff, 0xff, 0xff, 0xff, 0xff, 0xff, 0xff, 0xff,
    0xff, 0xff, 0xff, 0xff, 0xdf, 0xff, 0xff, 0xff,
    0x0, 0x0, 0x9f, 0xff, 0x0, 0x0, 0x9, 0xff,
    0x0, 0x0, 0x0, 0x8d, 0x0, 0x0, 0x0, 0x0,

    /* U+F027 "" */
    0x0, 0x0, 0x0, 0x0, 0x0, 0x0, 0x0, 0x0,
    0x0, 0x8d, 0x0, 0x0, 0x0, 0x0, 0x8, 0xff,
    0x0, 0x0, 0x0, 0x0, 0x8f, 0xff, 0x0, 0x0,
    0xcf, 0xff, 0xff, 0xff, 0x1, 0x50, 0xff, 0xff,
    0xff, 0xff, 0x6, 0xf7, 0xff, 0xff, 0xff, 0xff,
    0x0, 0xbe, 0xff, 0xff, 0xff, 0xff, 0x0, 0xae,
    0xff, 0xff, 0xff, 0xff, 0x5, 0xf8, 0xdf, 0xff,
    0xff, 0xff, 0x2, 0x60, 0x0, 0x0, 0x9f, 0xff,
    0x0, 0x0, 0x0, 0x0, 0x9, 0xff, 0x0, 0x0,
    0x0, 0x0, 0x0, 0x9e, 0x0, 0x0, 0x0, 0x0,
    0x0, 0x0, 0x0, 0x0,

    /* U+F028 "" */
    0x0, 0x0, 0x0, 0x0, 0x0, 0x0, 0x6, 0x10,
    0x0, 0x0, 0x0, 0x0, 0x0, 0x0, 0x0, 0x1f,
    0xd2, 0x0, 0x0, 0x0, 0x0, 0x8d, 0x0, 0x0,
    0x3, 0xee, 0x10, 0x0, 0x0, 0x8, 0xff, 0x0,
    0xa, 0xb1, 0x2f, 0xb0, 0x0, 0x0, 0x8f, 0xff,
    0x0, 0x5, 0xfc, 0x7, 0xf4, 0xdf, 0xff, 0xff,
    0xff, 0x2, 0x50, 0x5f, 0x60, 0xf9, 0xff, 0xff,
    0xff, 0xff, 0x6, 0xf7, 0xd, 0xc0, 0xbd, 0xff,
    0xff, 0xff, 0xff, 0x0, 0xae, 0x9, 0xf0, 0x9f,
    0xff, 0xff, 0xff, 0xff, 0x0, 0xae, 0x9, 0xe0,
    0x8f, 0xff, 0xff, 0xff, 0xff, 0x6, 0xf7, 0xd,
    0xc0, 0xad, 0xdf, 0xff, 0xff, 0xff, 0x2, 0x50,
    0x5f, 0x60, 0xe9, 0x0, 0x0, 0x9f, 0xff, 0x0,
    0x5, 0xfc, 0x6, 0xf4, 0x0, 0x0, 0x9, 0xff,
    0x0, 0xa, 0xb1, 0x2f, 0xb0, 0x0, 0x0, 0x0,
    0x8d, 0x0, 0x0, 0x2, 0xee, 0x10, 0x0, 0x0,
    0x0, 0x0, 0x0, 0x0, 0x1f, 0xd2, 0x0, 0x0,
    0x0, 0x0, 0x0, 0x0, 0x0, 0x6, 0x10, 0x0,

    /* U+F03E "" */
    0x8f, 0xff, 0xff, 0xff, 0xff, 0xff, 0xff, 0xf8,
    0xff, 0xfc, 0xff, 0xff, 0xff, 0xff, 0xff, 0xff,
    0xff, 0x20, 0x2f, 0xff, 0xff, 0xff, 0xff, 0xff,
    0xfc, 0x0, 0xc, 0xff, 0xff, 0xee, 0xff, 0xff,
    0xff, 0x20, 0x2f, 0xff, 0xfe, 0x12, 0xef, 0xff,
    0xff, 0xfc, 0xff, 0xff, 0xe1, 0x0, 0x2e, 0xff,
    0xff, 0xfe, 0x4e, 0xfe, 0x10, 0x0, 0x2, 0xff,
    0xff, 0xe1, 0x2, 0xc1, 0x0, 0x0, 0x0, 0xff,
    0xff, 0x10, 0x0, 0x0, 0x0, 0x0, 0x0, 0xff,
    0xff, 0x0, 0x0, 0x0, 0x0, 0x0, 0x0, 0xff,
    0xff, 0xff, 0xff, 0xff, 0xff, 0xff, 0xff, 0xff,
    0x8f, 0xff, 0xff, 0xff, 0xff, 0xff, 0xff, 0xf8,

    /* U+F043 "" */
    0x0, 0x0, 0x4e, 0x40, 0x0, 0x0, 0x0, 0xb,
    0xfb, 0x0, 0x0, 0x0, 0x1, 0xff, 0xf1, 0x0,
    0x0, 0x0, 0x9f, 0xff, 0x90, 0x0, 0x0, 0x2f,
    0xff, 0xff, 0x30, 0x0, 0xc, 0xff, 0xff, 0xfc,
    0x0, 0x7, 0xff, 0xff, 0xff, 0xf8, 0x2, 0xff,
    0xff, 0xff, 0xff, 0xf2, 0x9f, 0xff, 0xff, 0xff,
    0xff, 0x9e, 0xff, 0xff, 0xff, 0xff, 0xfe, 0xff,
    0x2f, 0xff, 0xff, 0xff, 0xfe, 0xf2, 0xbf, 0xff,
    0xff, 0xfe, 0x9f, 0xa1, 0xbf, 0xff, 0xff, 0x92,
    0xff, 0xa2, 0x2f, 0xff, 0xf2, 0x4, 0xff, 0xff,
    0xff, 0xf4, 0x0, 0x2, 0x9e, 0xfe, 0x92, 0x0,

    /* U+F048 "" */
    0x0, 0x0, 0x0, 0x0, 0x0, 0xff, 0x30, 0x0,
    0x1, 0xcc, 0xff, 0x40, 0x0, 0x2d, 0xff, 0xff,
    0x40, 0x3, 0xef, 0xff, 0xff, 0x40, 0x3f, 0xff,
    0xff, 0xff, 0x44, 0xff, 0xff, 0xff, 0xff, 0x9f,
    0xff, 0xff, 0xff, 0xff, 0xff, 0xff, 0xff, 0xff,
    0xff, 0xff, 0xff, 0xff, 0xff, 0xff, 0xaf, 0xff,
    0xff, 0xff, 0xff, 0x45, 0xff, 0xff, 0xff, 0xff,
    0x40, 0x4f, 0xff, 0xff, 0xff, 0x40, 0x3, 0xef,
    0xff, 0xff, 0x40, 0x0, 0x2d, 0xff, 0xff, 0x30,
    0x0, 0x1, 0xcc, 0x0, 0x0, 0x0, 0x0, 0x0,

    /* U+F04B "" */
    0x0, 0x0, 0x0, 0x0, 0x0, 0x0, 0x0, 0x8f,
    0x91, 0x0, 0x0, 0x0, 0x0, 0x0, 0xff, 0xff,
    0x70, 0x0, 0x0, 0x0, 0x0, 0xff, 0xff, 0xfd,
    0x40, 0x0, 0x0, 0x0, 0xff, 0xff, 0xff, 0xfa,
    0x10, 0x0, 0x0, 0xff, 0xff, 0xff, 0xff, 0xf7,
    0x0, 0x0, 0xff, 0xff, 0xff, 0xff, 0xff, 0xd5,
    0x0, 0xff, 0xff, 0xff, 0xff, 0xff, 0xff, 0xb2,
    0xff, 0xff, 0xff, 0xff, 0xff, 0xff, 0xfd, 0xff,
    0xff, 0xff, 0xff, 0xff, 0xff, 0xfd, 0xff, 0xff,
    0xff, 0xff, 0xff, 0xff, 0xb2, 0xff, 0xff, 0xff,
    0xff, 0xff, 0xd5, 0x0, 0xff, 0xff, 0xff, 0xff,
    0xf7, 0x0, 0x0, 0xff, 0xff, 0xff, 0xfa, 0x20,
    0x0, 0x0, 0xff, 0xff, 0xfd, 0x40, 0x0, 0x0,
    0x0, 0xff, 0xff, 0x70, 0x0, 0x0, 0x0, 0x0,
    0x8e, 0xa1, 0x0, 0x0, 0x0, 0x0, 0x0, 0x0,
    0x0, 0x0, 0x0, 0x0, 0x0, 0x0,

    /* U+F04C "" */
    0x0, 0x0, 0x0, 0x0, 0x0, 0x0, 0x0, 0x8f,
    0xff, 0xf8, 0x0, 0x8f, 0xff, 0xf8, 0xff, 0xff,
    0xff, 0x0, 0xff, 0xff, 0xff, 0xff, 0xff, 0xff,
    0x0, 0xff, 0xff, 0xff, 0xff, 0xff, 0xff, 0x0,
    0xff, 0xff, 0xff, 0xff, 0xff, 0xff, 0x0, 0xff,
    0xff, 0xff, 0xff, 0xff, 0xff, 0x0, 0xff, 0xff,
    0xff, 0xff, 0xff, 0xff, 0x0, 0xff, 0xff, 0xff,
    0xff, 0xff, 0xff, 0x0, 0xff, 0xff, 0xff, 0xff,
    0xff, 0xff, 0x0, 0xff, 0xff, 0xff, 0xff, 0xff,
    0xff, 0x0, 0xff, 0xff, 0xff, 0xff, 0xff, 0xff,
    0x0, 0xff, 0xff, 0xff, 0xff, 0xff, 0xff, 0x0,
    0xff, 0xff, 0xff, 0xff, 0xff, 0xff, 0x0, 0xff,
    0xff, 0xff, 0x7f, 0xff, 0xf7, 0x0, 0x7f, 0xff,
    0xf7,

    /* U+F04D "" */
    0x8f, 0xff, 0xff, 0xff, 0xff, 0xff, 0xf8, 0xff,
    0xff, 0xff, 0xff, 0xff, 0xff, 0xff, 0xff, 0xff,
    0xff, 0xff, 0xff, 0xff, 0xff, 0xff, 0xff, 0xff,
    0xff, 0xff, 0xff, 0xff, 0xff, 0xff, 0xff, 0xff,
    0xff, 0xff, 0xff, 0xff, 0xff, 0xff, 0xff, 0xff,
    0xff, 0xff, 0xff, 0xff, 0xff, 0xff, 0xff, 0xff,
    0xff, 0xff, 0xff, 0xff, 0xff, 0xff, 0xff, 0xff,
    0xff, 0xff, 0xff, 0xff, 0xff, 0xff, 0xff, 0xff,
    0xff, 0xff, 0xff, 0xff, 0xff, 0xff, 0xff, 0xff,
    0xff, 0xff, 0xff, 0xff, 0xff, 0xff, 0xff, 0xff,
    0xff, 0xff, 0xff, 0xff, 0xff, 0xff, 0xff, 0xff,
    0xff, 0xff, 0xff, 0x8f, 0xff, 0xff, 0xff, 0xff,
    0xff, 0xf8,

    /* U+F051 "" */
    0x0, 0x0, 0x0, 0x0, 0x0, 0xcc, 0x10, 0x0,
    0x3, 0xff, 0xff, 0xd2, 0x0, 0x4, 0xff, 0xff,
    0xfe, 0x30, 0x4, 0xff, 0xff, 0xff, 0xf4, 0x4,
    0xff, 0xff, 0xff, 0xff, 0x54, 0xff, 0xff, 0xff,
    0xff, 0xfa, 0xff, 0xff, 0xff, 0xff, 0xff, 0xff,
    0xff, 0xff, 0xff, 0xff, 0xff, 0xff, 0xff, 0xff,
    0xf9, 0xff, 0xff, 0xff, 0xff, 0x44, 0xff, 0xff,
    0xff, 0xf3, 0x4, 0xff, 0xff, 0xfe, 0x30, 0x4,
    0xff, 0xff, 0xd2, 0x0, 0x4, 0xff, 0xcc, 0x10,
    0x0, 0x3, 0xff, 0x0, 0x0, 0x0, 0x0, 0x0,

    /* U+F052 "" */
    0x0, 0x0, 0x0, 0x2d, 0xd2, 0x0, 0x0, 0x0,
    0x0, 0x0, 0x1, 0xef, 0xfe, 0x10, 0x0, 0x0,
    0x0, 0x0, 0x1d, 0xff, 0xff, 0xd1, 0x0, 0x0,
    0x0, 0x0, 0xcf, 0xff, 0xff, 0xfc, 0x0, 0x0,
    0x0, 0xb, 0xff, 0xff, 0xff, 0xff, 0xb0, 0x0,
    0x0, 0xaf, 0xff, 0xff, 0xff, 0xff, 0xfa, 0x0,
    0x9, 0xff, 0xff, 0xff, 0xff, 0xff, 0xff, 0x90,
    0xf, 0xff, 0xff, 0xff, 0xff, 0xff, 0xff, 0xf0,
    0x8, 0xff, 0xff, 0xff, 0xff, 0xff, 0xff, 0x80,
    0x0, 0x0, 0x0, 0x0, 0x0, 0x0, 0x0, 0x0,
    0xc, 0xff, 0xff, 0xff, 0xff, 0xff, 0xff, 0xc0,
    0xf, 0xff, 0xff, 0xff, 0xff, 0xff, 0xff, 0xf0,
    0xf, 0xff, 0xff, 0xff, 0xff, 0xff, 0xff, 0xf0,
    0xc, 0xff, 0xff, 0xff, 0xff, 0xff, 0xff, 0xc0,

    /* U+F053 "" */
    0x0, 0x0, 0x0, 0x1a, 0x40, 0x0, 0x0, 0x1,
    0xdf, 0xf0, 0x0, 0x0, 0x1d, 0xff, 0xa0, 0x0,
    0x1, 0xdf, 0xfa, 0x0, 0x0, 0x1d, 0xff, 0xa0,
    0x0, 0x1, 0xdf, 0xfa, 0x0, 0x0, 0xc, 0xff,
    0xa0, 0x0, 0x0, 0xd, 0xff, 0x80, 0x0, 0x0,
    0x1, 0xdf, 0xf8, 0x0, 0x0, 0x0, 0x1d, 0xff,
    0x80, 0x0, 0x0, 0x1, 0xdf, 0xf8, 0x0, 0x0,
    0x0, 0x1d, 0xff, 0x80, 0x0, 0x0, 0x1, 0xdf,
    0xf0, 0x0, 0x0, 0x0, 0x1b, 0x50,

    /* U+F054 "" */
    0x4, 0xa1, 0x0, 0x0, 0x0, 0xf, 0xfc, 0x10,
    0x0, 0x0, 0xa, 0xff, 0xc1, 0x0, 0x0, 0x0,
    0xaf, 0xfc, 0x10, 0x0, 0x0, 0xa, 0xff, 0xc1,
    0x0, 0x0, 0x0, 0xaf, 0xfc, 0x10, 0x0, 0x0,
    0xa, 0xff, 0xc0, 0x0, 0x0, 0x8, 0xff, 0xd0,
    0x0, 0x0, 0x8f, 0xfd, 0x10, 0x0, 0x8, 0xff,
    0xd1, 0x0, 0x0, 0x8f, 0xfd, 0x10, 0x0, 0x8,
    0xff, 0xd1, 0x0, 0x0, 0xf, 0xfd, 0x10, 0x0,
    0x0, 0x5, 0xb1, 0x0, 0x0, 0x0,

    /* U+F067 "" */
    0x0, 0x0, 0x4, 0xff, 0x40, 0x0, 0x0, 0x0,
    0x0, 0x8, 0xff, 0x80, 0x0, 0x0, 0x0, 0x0,
    0x8, 0xff, 0x80, 0x0, 0x0, 0x0, 0x0, 0x8,
    0xff, 0x80, 0x0, 0x0, 0x0, 0x0, 0x8, 0xff,
    0x80, 0x0, 0x0, 0x48, 0x88, 0x8c, 0xff, 0xc8,
    0x88, 0x84, 0xff, 0xff, 0xff, 0xff, 0xff, 0xff,
    0xff, 0xff, 0xff, 0xff, 0xff, 0xff, 0xff, 0xff,
    0x48, 0x88, 0x8c, 0xff, 0xc8, 0x88, 0x84, 0x0,
    0x0, 0x8, 0xff, 0x80, 0x0, 0x0, 0x0, 0x0,
    0x8, 0xff, 0x80, 0x0, 0x0, 0x0, 0x0, 0x8,
    0xff, 0x80, 0x0, 0x0, 0x0, 0x0, 0x8, 0xff,
    0x80, 0x0, 0x0, 0x0, 0x0, 0x4, 0xff, 0x40,
    0x0, 0x0,

    /* U+F068 "" */
    0x14, 0x44, 0x44, 0x44, 0x44, 0x44, 0x41, 0xef,
    0xff, 0xff, 0xff, 0xff, 0xff, 0xfe, 0xff, 0xff,
    0xff, 0xff, 0xff, 0xff, 0xff, 0x7b, 0xbb, 0xbb,
    0xbb, 0xbb, 0xbb, 0xb7,

    /* U+F06E "" */
    0x0, 0x0, 0x5, 0xad, 0xff, 0xda, 0x50, 0x0,
    0x0, 0x0, 0x4, 0xdf, 0xfc, 0x88, 0xcf, 0xfd,
    0x40, 0x0, 0x0, 0x7f, 0xfe, 0x40, 0x0, 0x4,
    0xef, 0xf7, 0x0, 0x7, 0xff, 0xf4, 0x0, 0x9e,
    0x80, 0x4f, 0xff, 0x70, 0x4f, 0xff, 0xc0, 0x0,
    0xaf, 0xf8, 0xc, 0xff, 0xf4, 0xdf, 0xff, 0x80,
    0x9a, 0xff, 0xfe, 0x8, 0xff, 0xfd, 0xdf, 0xff,
    0x80, 0xef, 0xff, 0xfe, 0x8, 0xff, 0xfd, 0x4f,
    0xff, 0xc0, 0x8f, 0xff, 0xf8, 0xc, 0xff, 0xf4,
    0x7, 0xff, 0xf4, 0x8, 0xee, 0x80, 0x4f, 0xff,
    0x70, 0x0, 0x7f, 0xfe, 0x40, 0x0, 0x4, 0xef,
    0xf8, 0x0, 0x0, 0x4, 0xdf, 0xfc, 0x88, 0xcf,
    0xfd, 0x40, 0x0, 0x0, 0x0, 0x5, 0xad, 0xff,
    0xda, 0x50, 0x0, 0x0,

    /* U+F070 "" */
    0x8c, 0x20, 0x0, 0x0, 0x0, 0x0, 0x0, 0x0,
    0x0, 0x0, 0xdf, 0xe4, 0x0, 0x0, 0x0, 0x0,
    0x0, 0x0, 0x0, 0x0, 0x1b, 0xff, 0x80, 0x49,
    0xdf, 0xfd, 0xa5, 0x0, 0x0, 0x0, 0x0, 0x7f,
    0xff, 0xff, 0xd8, 0x8c, 0xff, 0xd4, 0x0, 0x0,
    0x0, 0x4, 0xef, 0xf8, 0x0, 0x0, 0x4e, 0xff,
    0x70, 0x0, 0x0, 0x0, 0x1c, 0xff, 0x69, 0xe8,
    0x4, 0xff, 0xf7, 0x0, 0x4, 0xe3, 0x0, 0x9f,
    0xfe, 0xff, 0x80, 0xcf, 0xff, 0x40, 0xd, 0xff,
    0x70, 0x5, 0xff, 0xff, 0xe0, 0x8f, 0xff, 0xd0,
    0xd, 0xff, 0xf7, 0x0, 0x2d, 0xff, 0xe0, 0x8f,
    0xff, 0xd0, 0x4, 0xff, 0xfc, 0x0, 0x0, 0xaf,
    0xf8, 0xcf, 0xff, 0x30, 0x0, 0x7f, 0xff, 0x40,
    0x0, 0x6, 0xff, 0xff, 0xf7, 0x0, 0x0, 0x8,
    0xff, 0xf4, 0x0, 0x0, 0x3e, 0xff, 0xa0, 0x0,
    0x0, 0x0, 0x4d, 0xff, 0xc8, 0x82, 0x1, 0xbf,
    0xf7, 0x0, 0x0, 0x0, 0x0, 0x5a, 0xdf, 0xfc,
    0x10, 0x8, 0xff, 0xb0, 0x0, 0x0, 0x0, 0x0,
    0x0, 0x0, 0x0, 0x0, 0x4e, 0xfd, 0x0, 0x0,
    0x0, 0x0, 0x0, 0x0, 0x0, 0x0, 0x2, 0xc8,

    /* U+F071 "" */
    0x0, 0x0, 0x0, 0x0, 0x2d, 0xd2, 0x0, 0x0,
    0x0, 0x0, 0x0, 0x0, 0x0, 0x0, 0xbf, 0xfb,
    0x0, 0x0, 0x0, 0x0, 0x0, 0x0, 0x0, 0x5,
    0xff, 0xff, 0x50, 0x0, 0x0, 0x0, 0x0, 0x0,
    0x0, 0xd, 0xff, 0xff, 0xd0, 0x0, 0x0, 0x0,
    0x0, 0x0, 0x0, 0x7f, 0xff, 0xff, 0xf7, 0x0,
    0x0, 0x0, 0x0, 0x0, 0x1, 0xff, 0xd8, 0x8d,
    0xff, 0x10, 0x0, 0x0, 0x0, 0x0, 0xa, 0xff,
    0xa0, 0xa, 0xff, 0xa0, 0x0, 0x0, 0x0, 0x0,
    0x3f, 0xff, 0xb0, 0xb, 0xff, 0xf3, 0x0, 0x0,
    0x0, 0x0, 0xcf, 0xff, 0xc0, 0xc, 0xff, 0xfc,
    0x0, 0x0, 0x0, 0x5, 0xff, 0xff, 0xd0, 0xd,
    0xff, 0xff, 0x50, 0x0, 0x0, 0xe, 0xff, 0xff,
    0xf9, 0x9f, 0xff, 0xff, 0xe0, 0x0, 0x0, 0x8f,
    0xff, 0xff, 0xe2, 0x2e, 0xff, 0xff, 0xf8, 0x0,
    0x2, 0xff, 0xff, 0xff, 0x90, 0x9, 0xff, 0xff,
    0xff, 0x10, 0xa, 0xff, 0xff, 0xff, 0xe3, 0x3e,
    0xff, 0xff, 0xff, 0xa0, 0xf, 0xff, 0xff, 0xff,
    0xff, 0xff, 0xff, 0xff, 0xff, 0xf0, 0x8, 0xff,
    0xff, 0xff, 0xff, 0xff, 0xff, 0xff, 0xff, 0x80,

    /* U+F074 "" */
    0x0, 0x0, 0x0, 0x0, 0x0, 0x0, 0x0, 0x0,
    0x0, 0x0, 0x0, 0x0, 0x0, 0x0, 0xd8, 0x0,
    0x0, 0x0, 0x0, 0x0, 0x0, 0x0, 0xff, 0x80,
    0xff, 0xff, 0x70, 0x0, 0x7, 0xff, 0xff, 0xf8,
    0xff, 0xff, 0xf6, 0x0, 0x6f, 0xff, 0xff, 0xfd,
    0x78, 0x8e, 0xff, 0x15, 0xff, 0xe8, 0xff, 0xe2,
    0x0, 0x2, 0xe5, 0x4f, 0xfe, 0x20, 0xfe, 0x20,
    0x0, 0x0, 0x13, 0xff, 0xf3, 0x0, 0x52, 0x0,
    0x0, 0x0, 0x3f, 0xff, 0x31, 0x0, 0x52, 0x0,
    0x0, 0x2, 0xef, 0xf4, 0x5e, 0x20, 0xfe, 0x20,
    0x78, 0x8e, 0xff, 0x51, 0xff, 0xe8, 0xff, 0xe2,
    0xff, 0xff, 0xf6, 0x0, 0x6f, 0xff, 0xff, 0xfd,
    0xff, 0xff, 0x70, 0x0, 0x7, 0xff, 0xff, 0xf8,
    0x0, 0x0, 0x0, 0x0, 0x0, 0x0, 0xff, 0x80,
    0x0, 0x0, 0x0, 0x0, 0x0, 0x0, 0xd8, 0x0,
    0x0, 0x0, 0x0, 0x0, 0x0, 0x0, 0x0, 0x0,

    /* U+F077 "" */
    0x0, 0x0, 0x0, 0x0, 0x0, 0x0, 0x0, 0x0,
    0x0, 0x1, 0xdd, 0x10, 0x0, 0x0, 0x0, 0x0,
    0x1d, 0xff, 0xd1, 0x0, 0x0, 0x0, 0x1, 0xdf,
    0xff, 0xfd, 0x10, 0x0, 0x0, 0x1d, 0xff, 0x99,
    0xff, 0xd1, 0x0, 0x1, 0xdf, 0xf9, 0x0, 0x9f,
    0xfd, 0x10, 0x1d, 0xff, 0x90, 0x0, 0x9, 0xff,
    0xd1, 0xbf, 0xf9, 0x0, 0x0, 0x0, 0x9f, 0xfb,
    0x5f, 0x90, 0x0, 0x0, 0x0, 0x9, 0xf5, 0x0,
    0x0, 0x0, 0x0, 0x0, 0x0, 0x0,

    /* U+F078 "" */
    0x0, 0x0, 0x0, 0x0, 0x0, 0x0, 0x0, 0x5f,
    0x90, 0x0, 0x0, 0x0, 0x9, 0xf5, 0xbf, 0xf9,
    0x0, 0x0, 0x0, 0x9f, 0xfb, 0x1d, 0xff, 0x90,
    0x0, 0x9, 0xff, 0xd1, 0x1, 0xdf, 0xf9, 0x0,
    0x9f, 0xfd, 0x10, 0x0, 0x1d, 0xff, 0x99, 0xff,
    0xd1, 0x0, 0x0, 0x1, 0xdf, 0xff, 0xfd, 0x10,
    0x0, 0x0, 0x0, 0x1d, 0xff, 0xd1, 0x0, 0x0,
    0x0, 0x0, 0x1, 0xdd, 0x10, 0x0, 0x0, 0x0,
    0x0, 0x0, 0x0, 0x0, 0x0, 0x0,

    /* U+F079 "" */
    0x0, 0x0, 0x0, 0x0, 0x0, 0x0, 0x0, 0x0,
    0x0, 0x0, 0x0, 0x1d, 0xd1, 0x0, 0x0, 0x0,
    0x0, 0x0, 0x0, 0x0, 0x1, 0xdf, 0xfd, 0x10,
    0xef, 0xff, 0xff, 0xff, 0xd0, 0x0, 0x1d, 0xff,
    0xff, 0xd1, 0xaf, 0xff, 0xff, 0xff, 0xf0, 0x0,
    0xcf, 0xcf, 0xfc, 0xfc, 0x0, 0x0, 0x0, 0xf,
    0xf0, 0x0, 0x6b, 0x1f, 0xf1, 0xb6, 0x0, 0x0,
    0x0, 0xf, 0xf0, 0x0, 0x0, 0xf, 0xf0, 0x0,
    0x0, 0x0, 0x0, 0xf, 0xf0, 0x0, 0x0, 0xf,
    0xf0, 0x0, 0x0, 0x0, 0x0, 0xf, 0xf0, 0x0,
    0x0, 0xf, 0xf0, 0x0, 0x0, 0x0, 0x6b, 0x1f,
    0xf1, 0xb6, 0x0, 0xf, 0xf0, 0x0, 0x0, 0x0,
    0xcf, 0xcf, 0xfc, 0xfc, 0x0, 0xf, 0xff, 0xff,
    0xff, 0xfa, 0x1d, 0xff, 0xff, 0xd1, 0x0, 0xd,
    0xff, 0xff, 0xff, 0xfe, 0x1, 0xdf, 0xfd, 0x10,
    0x0, 0x0, 0x0, 0x0, 0x0, 0x0, 0x0, 0x1d,
    0xd1, 0x0, 0x0, 0x0, 0x0, 0x0, 0x0, 0x0,
    0x0, 0x0, 0x0, 0x0,

    /* U+F07B "" */
    0x8f, 0xff, 0xff, 0xd1, 0x0, 0x0, 0x0, 0x0,
    0xff, 0xff, 0xff, 0xfd, 0x10, 0x0, 0x0, 0x0,
    0xff, 0xff, 0xff, 0xff, 0xff, 0xff, 0xff, 0xf8,
    0xff, 0xff, 0xff, 0xff, 0xff, 0xff, 0xff, 0xff,
    0xff, 0xff, 0xff, 0xff, 0xff, 0xff, 0xff, 0xff,
    0xff, 0xff, 0xff, 0xff, 0xff, 0xff, 0xff, 0xff,
    0xff, 0xff, 0xff, 0xff, 0xff, 0xff, 0xff, 0xff,
    0xff, 0xff, 0xff, 0xff, 0xff, 0xff, 0xff, 0xff,
    0xff, 0xff, 0xff, 0xff, 0xff, 0xff, 0xff, 0xff,
    0xff, 0xff, 0xff, 0xff, 0xff, 0xff, 0xff, 0xff,
    0xff, 0xff, 0xff, 0xff, 0xff, 0xff, 0xff, 0xff,
    0x8f, 0xff, 0xff, 0xff, 0xff, 0xff, 0xff, 0xf8,

    /* U+F093 "" */
    0x0, 0x0, 0x0, 0xb, 0xb0, 0x0, 0x0, 0x0,
    0x0, 0x0, 0x0, 0xbf, 0xfb, 0x0, 0x0, 0x0,
    0x0, 0x0, 0xb, 0xff, 0xff, 0xb0, 0x0, 0x0,
    0x0, 0x0, 0xbf, 0xff, 0xff, 0xfb, 0x0, 0x0,
    0x0, 0xb, 0xff, 0xff, 0xff, 0xff, 0xb0, 0x0,
    0x0, 0x4f, 0xff, 0xff, 0xff, 0xff, 0xf4, 0x0,
    0x0, 0x0, 0x0, 0xff, 0xff, 0x0, 0x0, 0x0,
    0x0, 0x0, 0x0, 0xff, 0xff, 0x0, 0x0, 0x0,
    0x0, 0x0, 0x0, 0xff, 0xff, 0x0, 0x0, 0x0,
    0x0, 0x0, 0x0, 0xff, 0xff, 0x0, 0x0, 0x0,
    0x0, 0x0, 0x0, 0xff, 0xff, 0x0, 0x0, 0x0,
    0xdf, 0xff, 0xf0, 0xdf, 0xfd, 0xf, 0xff, 0xfd,
    0xff, 0xff, 0xf9, 0x0, 0x0, 0x9f, 0xff, 0xff,
    0xff, 0xff, 0xff, 0xff, 0xff, 0xff, 0xff, 0xff,
    0xff, 0xff, 0xff, 0xff, 0xff, 0xf0, 0xe0, 0xff,
    0xdf, 0xff, 0xff, 0xff, 0xff, 0xff, 0xff, 0xfd,

    /* U+F095 "" */
    0x0, 0x0, 0x0, 0x0, 0x0, 0x0, 0x0, 0x0,
    0x0, 0x0, 0x0, 0x0, 0x0, 0x0, 0xa, 0xea,
    0x62, 0x0, 0x0, 0x0, 0x0, 0x0, 0x2, 0xff,
    0xff, 0xf0, 0x0, 0x0, 0x0, 0x0, 0x0, 0x9f,
    0xff, 0xff, 0x0, 0x0, 0x0, 0x0, 0x0, 0xf,
    0xff, 0xff, 0xd0, 0x0, 0x0, 0x0, 0x0, 0x2,
    0xff, 0xff, 0xfb, 0x0, 0x0, 0x0, 0x0, 0x0,
    0x3, 0xef, 0xff, 0x70, 0x0, 0x0, 0x0, 0x0,
    0x0, 0x4, 0xff, 0xf2, 0x0, 0x0, 0x0, 0x0,
    0x0, 0x0, 0xbf, 0xfb, 0x0, 0x0, 0x0, 0x0,
    0x0, 0x0, 0x6f, 0xff, 0x30, 0x0, 0x0, 0x2,
    0x0, 0x0, 0x4f, 0xff, 0x90, 0x0, 0x2, 0x8f,
    0xf3, 0x0, 0x6f, 0xff, 0xd0, 0x0, 0xa, 0xff,
    0xff, 0xe4, 0xbf, 0xff, 0xd1, 0x0, 0x0, 0xef,
    0xff, 0xff, 0xff, 0xff, 0xd1, 0x0, 0x0, 0xa,
    0xff, 0xff, 0xff, 0xff, 0x90, 0x0, 0x0, 0x0,
    0x6f, 0xff, 0xff, 0xfb, 0x30, 0x0, 0x0, 0x0,
    0x2, 0xff, 0xdb, 0x72, 0x0, 0x0, 0x0, 0x0,
    0x0,

    /* U+F0C4 "" */
    0x8, 0xee, 0x80, 0x0, 0x0, 0x6, 0x61, 0x8,
    0xff, 0xff, 0x80, 0x0, 0x2d, 0xff, 0xd0, 0xef,
    0x33, 0xfe, 0x0, 0x2e, 0xff, 0xf3, 0xe, 0xf3,
    0x3f, 0xe0, 0x2e, 0xff, 0xf3, 0x0, 0x8f, 0xff,
    0xff, 0x6e, 0xff, 0xf3, 0x0, 0x0, 0x8e, 0xff,
    0xff, 0xff, 0xf3, 0x0, 0x0, 0x0, 0x2, 0xef,
    0xff, 0xf3, 0x0, 0x0, 0x0, 0x0, 0x2e, 0xff,
    0xff, 0x30, 0x0, 0x0, 0x8, 0xef, 0xff, 0xff,
    0xff, 0x30, 0x0, 0x8, 0xff, 0xff, 0xf6, 0xef,
    0xff, 0x30, 0x0, 0xef, 0x33, 0xfe, 0x2, 0xef,
    0xff, 0x30, 0xe, 0xf3, 0x3f, 0xe0, 0x2, 0xef,
    0xff, 0x30, 0x8f, 0xff, 0xf8, 0x0, 0x2, 0xdf,
    0xfd, 0x0, 0x8e, 0xe8, 0x0, 0x0, 0x0, 0x66,
    0x10,

    /* U+F0C5 "" */
    0x0, 0x0, 0xdf, 0xff, 0xff, 0xd, 0x10, 0x0,
    0x0, 0xff, 0xff, 0xff, 0xf, 0xd1, 0x0, 0x0,
    0xff, 0xff, 0xff, 0xf, 0xfd, 0xdf, 0xf0, 0xff,
    0xff, 0xff, 0x20, 0x0, 0xff, 0xf0, 0xff, 0xff,
    0xff, 0xff, 0xff, 0xff, 0xf0, 0xff, 0xff, 0xff,
    0xff, 0xff, 0xff, 0xf0, 0xff, 0xff, 0xff, 0xff,
    0xff, 0xff, 0xf0, 0xff, 0xff, 0xff, 0xff, 0xff,
    0xff, 0xf0, 0xff, 0xff, 0xff, 0xff, 0xff, 0xff,
    0xf0, 0xff, 0xff, 0xff, 0xff, 0xff, 0xff, 0xf0,
    0xff, 0xff, 0xff, 0xff, 0xff, 0xff, 0xf0, 0xff,
    0xff, 0xff, 0xff, 0xff, 0xff, 0xf0, 0xdf, 0xff,
    0xff, 0xff, 0xfd, 0xff, 0xf9, 0x0, 0x0, 0x0,
    0x0, 0x0, 0xff, 0xff, 0xff, 0xff, 0xff, 0x0,
    0x0, 0xdf, 0xff, 0xff, 0xff, 0xfd, 0x0, 0x0,

    /* U+F0C7 "" */
    0x8f, 0xff, 0xff, 0xff, 0xff, 0xc1, 0x0, 0xff,
    0xff, 0xff, 0xff, 0xff, 0xfd, 0x10, 0xff, 0x0,
    0x0, 0x0, 0x1, 0xff, 0xd1, 0xff, 0x0, 0x0,
    0x0, 0x0, 0xff, 0xfc, 0xff, 0x0, 0x0, 0x0,
    0x0, 0xff, 0xff, 0xff, 0x0, 0x0, 0x0, 0x0,
    0xff, 0xff, 0xff, 0xff, 0xff, 0xff, 0xff, 0xff,
    0xff, 0xff, 0xff, 0xff, 0xff, 0xff, 0xff, 0xff,
    0xff, 0xff, 0xfb, 0x11, 0xbf, 0xff, 0xff, 0xff,
    0xff, 0xf1, 0x0, 0x1f, 0xff, 0xff, 0xff, 0xff,
    0xf1, 0x0, 0x1f, 0xff, 0xff, 0xff, 0xff, 0xfb,
    0x11, 0xbf, 0xff, 0xff, 0xff, 0xff, 0xff, 0xff,
    0xff, 0xff, 0xff, 0x8f, 0xff, 0xff, 0xff, 0xff,
    0xff, 0xf8,

    /* U+F0C9 "" */
    0x12, 0x22, 0x22, 0x22, 0x22, 0x22, 0x21, 0xff,
    0xff, 0xff, 0xff, 0xff, 0xff, 0xff, 0xff, 0xff,
    0xff, 0xff, 0xff, 0xff, 0xff, 0x12, 0x22, 0x22,
    0x22, 0x22, 0x22, 0x21, 0x0, 0x0, 0x0, 0x0,
    0x0, 0x0, 0x0, 0x12, 0x22, 0x22, 0x22, 0x22,
    0x22, 0x21, 0xff, 0xff, 0xff, 0xff, 0xff, 0xff,
    0xff, 0xff, 0xff, 0xff, 0xff, 0xff, 0xff, 0xff,
    0x12, 0x22, 0x22, 0x22, 0x22, 0x22, 0x21, 0x0,
    0x0, 0x0, 0x0, 0x0, 0x0, 0x0, 0x12, 0x22,
    0x22, 0x22, 0x22, 0x22, 0x21, 0xff, 0xff, 0xff,
    0xff, 0xff, 0xff, 0xff, 0xff, 0xff, 0xff, 0xff,
    0xff, 0xff, 0xff, 0x12, 0x22, 0x22, 0x22, 0x22,
    0x22, 0x21,

    /* U+F0E0 "" */
    0x8f, 0xff, 0xff, 0xff, 0xff, 0xff, 0xff, 0xf8,
    0xff, 0xff, 0xff, 0xff, 0xff, 0xff, 0xff, 0xff,
    0xcf, 0xff, 0xff, 0xff, 0xff, 0xff, 0xff, 0xfc,
    0x9, 0xff, 0xff, 0xff, 0xff, 0xff, 0xff, 0x90,
    0xd2, 0x5f, 0xff, 0xff, 0xff, 0xff, 0xf5, 0x2d,
    0xff, 0x62, 0xcf, 0xff, 0xff, 0xfc, 0x26, 0xff,
    0xff, 0xfa, 0x18, 0xff, 0xff, 0x81, 0xaf, 0xff,
    0xff, 0xff, 0xe3, 0x4d, 0xd4, 0x3e, 0xff, 0xff,
    0xff, 0xff, 0xff, 0x81, 0x18, 0xff, 0xff, 0xff,
    0xff, 0xff, 0xff, 0xff, 0xff, 0xff, 0xff, 0xff,
    0xff, 0xff, 0xff, 0xff, 0xff, 0xff, 0xff, 0xff,
    0x8f, 0xff, 0xff, 0xff, 0xff, 0xff, 0xff, 0xf8,

    /* U+F0E7 "" */
    0x0, 0xdf, 0xff, 0xfd, 0x0, 0x0, 0x1, 0xff,
    0xff, 0xfc, 0x0, 0x0, 0x3, 0xff, 0xff, 0xf7,
    0x0, 0x0, 0x6, 0xff, 0xff, 0xf2, 0x0, 0x0,
    0x8, 0xff, 0xff, 0xd0, 0x0, 0x0, 0xa, 0xff,
    0xff, 0xff, 0xff, 0xd0, 0xc, 0xff, 0xff, 0xff,
    0xff, 0xa0, 0xe, 0xff, 0xff, 0xff, 0xff, 0x20,
    0xd, 0xff, 0xff, 0xff, 0xf8, 0x0, 0x0, 0x0,
    0xa, 0xff, 0xe0, 0x0, 0x0, 0x0, 0xe, 0xff,
    0x50, 0x0, 0x0, 0x0, 0x2f, 0xfc, 0x0, 0x0,
    0x0, 0x0, 0x5f, 0xf3, 0x0, 0x0, 0x0, 0x0,
    0x9f, 0xa0, 0x0, 0x0, 0x0, 0x0, 0xdf, 0x10,
    0x0, 0x0, 0x0, 0x0, 0xd7, 0x0, 0x0, 0x0,

    /* U+F0EA "" */
    0x0, 0x4, 0xde, 0x40, 0x0, 0x0, 0x0, 0xdf,
    0xff, 0x99, 0xff, 0xfd, 0x0, 0x0, 0xff, 0xff,
    0x99, 0xff, 0xff, 0x0, 0x0, 0xff, 0xff, 0xff,
    0xff, 0xff, 0x0, 0x0, 0xff, 0xff, 0x90, 0x0,
    0x0, 0x0, 0x0, 0xff, 0xff, 0xd, 0xff, 0xff,
    0xd, 0x10, 0xff, 0xff, 0xf, 0xff, 0xff, 0xf,
    0xd1, 0xff, 0xff, 0xf, 0xff, 0xff, 0xf, 0xfd,
    0xff, 0xff, 0xf, 0xff, 0xff, 0x20, 0x0, 0xff,
    0xff, 0xf, 0xff, 0xff, 0xff, 0xff, 0xff, 0xff,
    0xf, 0xff, 0xff, 0xff, 0xff, 0xff, 0xff, 0xf,
    0xff, 0xff, 0xff, 0xff, 0xdf, 0xff, 0xf, 0xff,
    0xff, 0xff, 0xff, 0x0, 0x0, 0xf, 0xff, 0xff,
    0xff, 0xff, 0x0, 0x0, 0xf, 0xff, 0xff, 0xff,
    0xff, 0x0, 0x0, 0xd, 0xff, 0xff, 0xff, 0xfd,

    /* U+F0F3 "" */
    0x0, 0x0, 0x0, 0xcc, 0x0, 0x0, 0x0, 0x0,
    0x0, 0x2, 0xff, 0x30, 0x0, 0x0, 0x0, 0x1,
    0xbf, 0xff, 0xfc, 0x20, 0x0, 0x0, 0x1e, 0xff,
    0xff, 0xff, 0xe1, 0x0, 0x0, 0x9f, 0xff, 0xff,
    0xff, 0xf8, 0x0, 0x0, 0xef, 0xff, 0xff, 0xff,
    0xfd, 0x0, 0x0, 0xff, 0xff, 0xff, 0xff, 0xff,
    0x0, 0x1, 0xff, 0xff, 0xff, 0xff, 0xff, 0x0,
    0x3, 0xff, 0xff, 0xff, 0xff, 0xff, 0x30, 0x8,
    0xff, 0xff, 0xff, 0xff, 0xff, 0x80, 0x1e, 0xff,
    0xff, 0xff, 0xff, 0xff, 0xe1, 0xcf, 0xff, 0xff,
    0xff, 0xff, 0xff, 0xfc, 0xcf, 0xff, 0xff, 0xff,
    0xff, 0xff, 0xfc, 0x0, 0x0, 0x0, 0x0, 0x0,
    0x0, 0x0, 0x0, 0x0, 0xe, 0xff, 0xe0, 0x0,
    0x0, 0x0, 0x0, 0x4, 0xee, 0x40, 0x0, 0x0,

    /* U+F11C "" */
    0x8f, 0xff, 0xff, 0xff, 0xff, 0xff, 0xff, 0xff,
    0xf8, 0xff, 0xff, 0xff, 0xff, 0xff, 0xff, 0xff,
    0xff, 0xff, 0xff, 0x0, 0xf0, 0xf, 0x0, 0xf0,
    0xf, 0x0, 0xff, 0xff, 0x0, 0xf0, 0xf, 0x0,
    0xf0, 0xf, 0x0, 0xff, 0xff, 0xff, 0xff, 0xff,
    0xff, 0xff, 0xff, 0xff, 0xff, 0xff, 0xf8, 0x8,
    0x80, 0x88, 0x8, 0x80, 0x8f, 0xff, 0xff, 0xf8,
    0x8, 0x80, 0x88, 0x8, 0x80, 0x8f, 0xff, 0xff,
    0xff, 0xff, 0xff, 0xff, 0xff, 0xff, 0xff, 0xff,
    0xff, 0x0, 0xf0, 0x0, 0x0, 0x0, 0xf, 0x0,
    0xff, 0xff, 0x0, 0xf0, 0x0, 0x0, 0x0, 0xf,
    0x0, 0xff, 0xff, 0xff, 0xff, 0xff, 0xff, 0xff,
    0xff, 0xff, 0xff, 0x8f, 0xff, 0xff, 0xff, 0xff,
    0xff, 0xff, 0xff, 0xf8,

    /* U+F124 "" */
    0x0, 0x0, 0x0, 0x0, 0x0, 0x0, 0x0, 0x0,
    0x0, 0x0, 0x0, 0x0, 0x0, 0x0, 0x0, 0x3,
    0xaf, 0x70, 0x0, 0x0, 0x0, 0x0, 0x0, 0x4,
    0xcf, 0xff, 0xf0, 0x0, 0x0, 0x0, 0x0, 0x6,
    0xdf, 0xff, 0xff, 0xa0, 0x0, 0x0, 0x0, 0x17,
    0xef, 0xff, 0xff, 0xff, 0x30, 0x0, 0x0, 0x18,
    0xff, 0xff, 0xff, 0xff, 0xfc, 0x0, 0x0, 0x2a,
    0xff, 0xff, 0xff, 0xff, 0xff, 0xf4, 0x0, 0x8,
    0xff, 0xff, 0xff, 0xff, 0xff, 0xff, 0xd0, 0x0,
    0xf, 0xff, 0xff, 0xff, 0xff, 0xff, 0xff, 0x60,
    0x0, 0x8, 0xff, 0xff, 0xff, 0xff, 0xff, 0xfe,
    0x0, 0x0, 0x0, 0x0, 0x0, 0x0, 0xff, 0xff,
    0xf7, 0x0, 0x0, 0x0, 0x0, 0x0, 0x0, 0xff,
    0xff, 0xf1, 0x0, 0x0, 0x0, 0x0, 0x0, 0x0,
    0xff, 0xff, 0x80, 0x0, 0x0, 0x0, 0x0, 0x0,
    0x0, 0xff, 0xff, 0x10, 0x0, 0x0, 0x0, 0x0,
    0x0, 0x0, 0xff, 0xfa, 0x0, 0x0, 0x0, 0x0,
    0x0, 0x0, 0x0, 0xff, 0xf2, 0x0, 0x0, 0x0,
    0x0, 0x0, 0x0, 0x0, 0x8f, 0x80, 0x0, 0x0,
    0x0, 0x0, 0x0, 0x0, 0x0, 0x0, 0x0, 0x0,
    0x0, 0x0,

    /* U+F15B "" */
    0xdf, 0xff, 0xff, 0xf0, 0xd1, 0x0, 0xff, 0xff,
    0xff, 0xf0, 0xfd, 0x10, 0xff, 0xff, 0xff, 0xf0,
    0xff, 0xd1, 0xff, 0xff, 0xff, 0xf0, 0xff, 0xfd,
    0xff, 0xff, 0xff, 0xf2, 0x0, 0x0, 0xff, 0xff,
    0xff, 0xff, 0xff, 0xff, 0xff, 0xff, 0xff, 0xff,
    0xff, 0xff, 0xff, 0xff, 0xff, 0xff, 0xff, 0xff,
    0xff, 0xff, 0xff, 0xff, 0xff, 0xff, 0xff, 0xff,
    0xff, 0xff, 0xff, 0xff, 0xff, 0xff, 0xff, 0xff,
    0xff, 0xff, 0xff, 0xff, 0xff, 0xff, 0xff, 0xff,
    0xff, 0xff, 0xff, 0xff, 0xff, 0xff, 0xff, 0xff,
    0xff, 0xff, 0xff, 0xff, 0xff, 0xff, 0xff, 0xff,
    0xff, 0xff, 0xdf, 0xff, 0xff, 0xff, 0xff, 0xfd,

    /* U+F1EB "" */
    0x0, 0x0, 0x0, 0x0, 0x0, 0x0, 0x0, 0x0,
    0x0, 0x0, 0x0, 0x0, 0x4, 0x9c, 0xef, 0xfe,
    0xc9, 0x40, 0x0, 0x0, 0x0, 0x7, 0xef, 0xff,
    0xff, 0xff, 0xff, 0xfe, 0x70, 0x0, 0x4, 0xdf,
    0xff, 0xfc, 0xa8, 0x8a, 0xcf, 0xff, 0xfd, 0x40,
    0x6f, 0xff, 0xd5, 0x0, 0x0, 0x0, 0x0, 0x5d,
    0xff, 0xf6, 0xcf, 0xf6, 0x0, 0x0, 0x0, 0x0,
    0x0, 0x0, 0x6f, 0xfc, 0x1a, 0x30, 0x0, 0x5a,
    0xdf, 0xfd, 0xa5, 0x0, 0x3, 0xa1, 0x0, 0x0,
    0x4d, 0xff, 0xff, 0xff, 0xff, 0xd4, 0x0, 0x0,
    0x0, 0x5, 0xff, 0xfe, 0xa8, 0x8a, 0xef, 0xff,
    0x50, 0x0, 0x0, 0x1, 0xdf, 0x70, 0x0, 0x0,
    0x7, 0xfd, 0x10, 0x0, 0x0, 0x0, 0x12, 0x0,
    0x0, 0x0, 0x0, 0x21, 0x0, 0x0, 0x0, 0x0,
    0x0, 0x0, 0x4e, 0xe4, 0x0, 0x0, 0x0, 0x0,
    0x0, 0x0, 0x0, 0x0, 0xef, 0xfe, 0x0, 0x0,
    0x0, 0x0, 0x0, 0x0, 0x0, 0x0, 0xef, 0xfe,
    0x0, 0x0, 0x0, 0x0, 0x0, 0x0, 0x0, 0x0,
    0x4e, 0xe4, 0x0, 0x0, 0x0, 0x0,

    /* U+F240 "" */
    0x8f, 0xff, 0xff, 0xff, 0xff, 0xff, 0xff, 0xff,
    0xff, 0x80, 0xff, 0xff, 0xff, 0xff, 0xff, 0xff,
    0xff, 0xff, 0xff, 0xf0, 0xff, 0x0, 0x0, 0x0,
    0x0, 0x0, 0x0, 0x0, 0xf, 0xfd, 0xff, 0xf,
    0xff, 0xff, 0xff, 0xff, 0xff, 0xff, 0xf, 0xff,
    0xff, 0xf, 0xff, 0xff, 0xff, 0xff, 0xff, 0xff,
    0x0, 0xff, 0xff, 0xf, 0xff, 0xff, 0xff, 0xff,
    0xff, 0xff, 0x0, 0xff, 0xff, 0xf, 0xff, 0xff,
    0xff, 0xff, 0xff, 0xff, 0xf, 0xff, 0xff, 0x0,
    0x0, 0x0, 0x0, 0x0, 0x0, 0x0, 0xf, 0xfd,
    0xff, 0xff, 0xff, 0xff, 0xff, 0xff, 0xff, 0xff,
    0xff, 0xf0, 0x8f, 0xff, 0xff, 0xff, 0xff, 0xff,
    0xff, 0xff, 0xff, 0x80,

    /* U+F241 "" */
    0x8f, 0xff, 0xff, 0xff, 0xff, 0xff, 0xff, 0xff,
    0xff, 0x80, 0xff, 0xff, 0xff, 0xff, 0xff, 0xff,
    0xff, 0xff, 0xff, 0xf0, 0xff, 0x0, 0x0, 0x0,
    0x0, 0x0, 0x0, 0x0, 0xf, 0xfd, 0xff, 0xf,
    0xff, 0xff, 0xff, 0xff, 0xf0, 0x0, 0xf, 0xff,
    0xff, 0xf, 0xff, 0xff, 0xff, 0xff, 0xf0, 0x0,
    0x0, 0xff, 0xff, 0xf, 0xff, 0xff, 0xff, 0xff,
    0xf0, 0x0, 0x0, 0xff, 0xff, 0xf, 0xff, 0xff,
    0xff, 0xff, 0xf0, 0x0, 0xf, 0xff, 0xff, 0x0,
    0x0, 0x0, 0x0, 0x0, 0x0, 0x0, 0xf, 0xfd,
    0xff, 0xff, 0xff, 0xff, 0xff, 0xff, 0xff, 0xff,
    0xff, 0xf0, 0x8f, 0xff, 0xff, 0xff, 0xff, 0xff,
    0xff, 0xff, 0xff, 0x80,

    /* U+F242 "" */
    0x8f, 0xff, 0xff, 0xff, 0xff, 0xff, 0xff, 0xff,
    0xff, 0x80, 0xff, 0xff, 0xff, 0xff, 0xff, 0xff,
    0xff, 0xff, 0xff, 0xf0, 0xff, 0x0, 0x0, 0x0,
    0x0, 0x0, 0x0, 0x0, 0xf, 0xfd, 0xff, 0xf,
    0xff, 0xff, 0xff, 0x0, 0x0, 0x0, 0xf, 0xff,
    0xff, 0xf, 0xff, 0xff, 0xff, 0x0, 0x0, 0x0,
    0x0, 0xff, 0xff, 0xf, 0xff, 0xff, 0xff, 0x0,
    0x0, 0x0, 0x0, 0xff, 0xff, 0xf, 0xff, 0xff,
    0xff, 0x0, 0x0, 0x0, 0xf, 0xff, 0xff, 0x0,
    0x0, 0x0, 0x0, 0x0, 0x0, 0x0, 0xf, 0xfd,
    0xff, 0xff, 0xff, 0xff, 0xff, 0xff, 0xff, 0xff,
    0xff, 0xf0, 0x8f, 0xff, 0xff, 0xff, 0xff, 0xff,
    0xff, 0xff, 0xff, 0x80,

    /* U+F243 "" */
    0x8f, 0xff, 0xff, 0xff, 0xff, 0xff, 0xff, 0xff,
    0xff, 0x80, 0xff, 0xff, 0xff, 0xff, 0xff, 0xff,
    0xff, 0xff, 0xff, 0xf0, 0xff, 0x0, 0x0, 0x0,
    0x0, 0x0, 0x0, 0x0, 0xf, 0xfd, 0xff, 0xf,
    0xff, 0xf0, 0x0, 0x0, 0x0, 0x0, 0xf, 0xff,
    0xff, 0xf, 0xff, 0xf0, 0x0, 0x0, 0x0, 0x0,
    0x0, 0xff, 0xff, 0xf, 0xff, 0xf0, 0x0, 0x0,
    0x0, 0x0, 0x0, 0xff, 0xff, 0xf, 0xff, 0xf0,
    0x0, 0x0, 0x0, 0x0, 0xf, 0xff, 0xff, 0x0,
    0x0, 0x0, 0x0, 0x0, 0x0, 0x0, 0xf, 0xfd,
    0xff, 0xff, 0xff, 0xff, 0xff, 0xff, 0xff, 0xff,
    0xff, 0xf0, 0x8f, 0xff, 0xff, 0xff, 0xff, 0xff,
    0xff, 0xff, 0xff, 0x80,

    /* U+F244 "" */
    0x8f, 0xff, 0xff, 0xff, 0xff, 0xff, 0xff, 0xff,
    0xff, 0x80, 0xff, 0xff, 0xff, 0xff, 0xff, 0xff,
    0xff, 0xff, 0xff, 0xf0, 0xff, 0x0, 0x0, 0x0,
    0x0, 0x0, 0x0, 0x0, 0xf, 0xfd, 0xff, 0x0,
    0x0, 0x0, 0x0, 0x0, 0x0, 0x0, 0xf, 0xff,
    0xff, 0x0, 0x0, 0x0, 0x0, 0x0, 0x0, 0x0,
    0x0, 0xff, 0xff, 0x0, 0x0, 0x0, 0x0, 0x0,
    0x0, 0x0, 0x0, 0xff, 0xff, 0x0, 0x0, 0x0,
    0x0, 0x0, 0x0, 0x0, 0xf, 0xff, 0xff, 0x0,
    0x0, 0x0, 0x0, 0x0, 0x0, 0x0, 0xf, 0xfd,
    0xff, 0xff, 0xff, 0xff, 0xff, 0xff, 0xff, 0xff,
    0xff, 0xf0, 0x8f, 0xff, 0xff, 0xff, 0xff, 0xff,
    0xff, 0xff, 0xff, 0x80,

    /* U+F287 "" */
    0x0, 0x0, 0x0, 0x0, 0x0, 0x1, 0x0, 0x0,
    0x0, 0x0, 0x0, 0x0, 0x0, 0x0, 0x0, 0x7,
    0xfd, 0x10, 0x0, 0x0, 0x0, 0x0, 0x0, 0x0,
    0x1, 0xcf, 0xff, 0xf5, 0x0, 0x0, 0x0, 0x0,
    0x0, 0x0, 0x0, 0xb9, 0x29, 0xfe, 0x10, 0x0,
    0x0, 0x0, 0x0, 0x0, 0x0, 0x3f, 0x10, 0x2,
    0x0, 0x0, 0x0, 0x0, 0x3, 0xdf, 0x80, 0xa,
    0x90, 0x0, 0x0, 0x0, 0x3, 0x70, 0x0, 0xdf,
    0xff, 0x77, 0xf7, 0x55, 0x55, 0x55, 0x55, 0x8f,
    0xd3, 0xf, 0xff, 0xfd, 0xcc, 0xdf, 0xdc, 0xcc,
    0xcc, 0xcd, 0xff, 0xb0, 0x8f, 0xfe, 0x10, 0x0,
    0xaa, 0x0, 0x0, 0x0, 0x4d, 0x40, 0x0, 0x46,
    0x10, 0x0, 0x1, 0xf2, 0x2, 0x33, 0x10, 0x0,
    0x0, 0x0, 0x0, 0x0, 0x0, 0x9, 0xb1, 0xcf,
    0xf9, 0x0, 0x0, 0x0, 0x0, 0x0, 0x0, 0x0,
    0xa, 0xff, 0xff, 0x90, 0x0, 0x0, 0x0, 0x0,
    0x0, 0x0, 0x0, 0x0, 0xbf, 0xf9, 0x0, 0x0,
    0x0, 0x0, 0x0, 0x0, 0x0, 0x0, 0x1, 0x22,
    0x0, 0x0, 0x0,

    /* U+F293 "" */
    0x0, 0x18, 0xdf, 0xfd, 0x92, 0x0, 0x2, 0xef,
    0xfb, 0xef, 0xff, 0x40, 0xd, 0xff, 0xfa, 0x2e,
    0xff, 0xe0, 0x4f, 0xff, 0xfa, 0x3, 0xff, 0xf5,
    0x9f, 0xfa, 0xfa, 0x35, 0x4f, 0xfa, 0xcf, 0xc0,
    0x8a, 0x3d, 0xb, 0xfd, 0xef, 0xfb, 0x3, 0x11,
    0x8f, 0xfe, 0xff, 0xff, 0xb0, 0x6, 0xff, 0xff,
    0xff, 0xff, 0xd1, 0x8, 0xff, 0xff, 0xef, 0xfd,
    0x11, 0x10, 0x9f, 0xff, 0xdf, 0xd1, 0x59, 0x3b,
    0xb, 0xfd, 0xaf, 0xd6, 0xfa, 0x37, 0x1d, 0xfb,
    0x5f, 0xff, 0xfa, 0x1, 0xdf, 0xf7, 0xd, 0xff,
    0xfa, 0x1d, 0xff, 0xf1, 0x3, 0xef, 0xfc, 0xdf,
    0xff, 0x50, 0x0, 0x18, 0xdf, 0xfe, 0xa3, 0x0,

    /* U+F2ED "" */
    0x0, 0x0, 0x7f, 0xff, 0xf7, 0x0, 0x0, 0xef,
    0xff, 0xff, 0xff, 0xff, 0xff, 0xfe, 0xef, 0xff,
    0xff, 0xff, 0xff, 0xff, 0xfe, 0x0, 0x0, 0x0,
    0x0, 0x0, 0x0, 0x0, 0xf, 0xff, 0xff, 0xff,
    0xff, 0xff, 0xf0, 0xf, 0xff, 0xff, 0xff, 0xff,
    0xff, 0xf0, 0xf, 0xf9, 0x9f, 0x99, 0xf9, 0x9f,
    0xf0, 0xf, 0xf8, 0x8f, 0x88, 0xf8, 0x8f, 0xf0,
    0xf, 0xf8, 0x8f, 0x88, 0xf8, 0x8f, 0xf0, 0xf,
    0xf8, 0x8f, 0x88, 0xf8, 0x8f, 0xf0, 0xf, 0xf8,
    0x8f, 0x88, 0xf8, 0x8f, 0xf0, 0xf, 0xf8, 0x8f,
    0x88, 0xf8, 0x8f, 0xf0, 0xf, 0xf8, 0x8f, 0x88,
    0xf8, 0x8f, 0xf0, 0xf, 0xf9, 0x9f, 0x99, 0xf9,
    0x9f, 0xf0, 0xf, 0xff, 0xff, 0xff, 0xff, 0xff,
    0xf0, 0x8, 0xff, 0xff, 0xff, 0xff, 0xff, 0x80,

    /* U+F304 "" */
    0x0, 0x0, 0x0, 0x0, 0x0, 0x0, 0x7f, 0xa0,
    0x0, 0x0, 0x0, 0x0, 0x0, 0x0, 0x7f, 0xff,
    0xb0, 0x0, 0x0, 0x0, 0x0, 0x0, 0xd, 0xff,
    0xff, 0xa0, 0x0, 0x0, 0x0, 0x0, 0x7a, 0x1d,
    0xff, 0xff, 0x0, 0x0, 0x0, 0x0, 0x7f, 0xfa,
    0x1d, 0xff, 0x70, 0x0, 0x0, 0x0, 0x7f, 0xff,
    0xfa, 0x1d, 0x70, 0x0, 0x0, 0x0, 0x7f, 0xff,
    0xff, 0xfa, 0x0, 0x0, 0x0, 0x0, 0x7f, 0xff,
    0xff, 0xff, 0x70, 0x0, 0x0, 0x0, 0x7f, 0xff,
    0xff, 0xff, 0x70, 0x0, 0x0, 0x0, 0x7f, 0xff,
    0xff, 0xff, 0x70, 0x0, 0x0, 0x0, 0x7f, 0xff,
    0xff, 0xff, 0x70, 0x0, 0x0, 0x0, 0x6f, 0xff,
    0xff, 0xff, 0x70, 0x0, 0x0, 0x0, 0xb, 0xff,
    0xff, 0xff, 0x70, 0x0, 0x0, 0x0, 0x0, 0xdf,
    0xff, 0xff, 0x70, 0x0, 0x0, 0x0, 0x0, 0xe,
    0xff, 0xff, 0x70, 0x0, 0x0, 0x0, 0x0, 0x0,
    0xde, 0xdb, 0x60, 0x0, 0x0, 0x0, 0x0, 0x0,
    0x0, 0x0, 0x0, 0x0, 0x0, 0x0, 0x0, 0x0,
    0x0,

    /* U+F55A "" */
    0x0, 0x0, 0x1b, 0xff, 0xff, 0xff, 0xff, 0xff,
    0xff, 0xe4, 0x0, 0x1, 0xdf, 0xff, 0xff, 0xff,
    0xff, 0xff, 0xff, 0xfe, 0x0, 0x1d, 0xff, 0xff,
    0xfa, 0xef, 0xfe, 0xaf, 0xff, 0xff, 0x1, 0xdf,
    0xff, 0xff, 0xa0, 0x2e, 0xe2, 0xa, 0xff, 0xff,
    0x1d, 0xff, 0xff, 0xff, 0xe2, 0x2, 0x20, 0x2e,
    0xff, 0xff, 0xcf, 0xff, 0xff, 0xff, 0xfe, 0x20,
    0x2, 0xef, 0xff, 0xff, 0xcf, 0xff, 0xff, 0xff,
    0xfe, 0x20, 0x2, 0xef, 0xff, 0xff, 0x1d, 0xff,
    0xff, 0xff, 0xe2, 0x2, 0x20, 0x2e, 0xff, 0xff,
    0x1, 0xdf, 0xff, 0xff, 0xa0, 0x2e, 0xe2, 0xa,
    0xff, 0xff, 0x0, 0x1d, 0xff, 0xff, 0xfa, 0xef,
    0xfe, 0xaf, 0xff, 0xff, 0x0, 0x1, 0xdf, 0xff,
    0xff, 0xff, 0xff, 0xff, 0xff, 0xfe, 0x0, 0x0,
    0x1b, 0xff, 0xff, 0xff, 0xff, 0xff, 0xff, 0xe4,

    /* U+F7C2 "" */
    0x0, 0x7, 0xff, 0xff, 0xff, 0xe4, 0x0, 0x7f,
    0xff, 0xff, 0xff, 0xfe, 0x7, 0xf8, 0xf, 0xb,
    0x40, 0xff, 0x7f, 0xf8, 0xf, 0xb, 0x40, 0xff,
    0xff, 0xf8, 0xf, 0xb, 0x40, 0xff, 0xff, 0xff,
    0xff, 0xff, 0xff, 0xff, 0xff, 0xff, 0xff, 0xff,
    0xff, 0xff, 0xff, 0xff, 0xff, 0xff, 0xff, 0xff,
    0xff, 0xff, 0xff, 0xff, 0xff, 0xff, 0xff, 0xff,
    0xff, 0xff, 0xff, 0xff, 0xff, 0xff, 0xff, 0xff,
    0xff, 0xff, 0xff, 0xff, 0xff, 0xff, 0xff, 0xff,
    0xff, 0xff, 0xff, 0xff, 0xff, 0xff, 0xff, 0xff,
    0xff, 0xff, 0xff, 0xff, 0xef, 0xff, 0xff, 0xff,
    0xff, 0xfe, 0x4e, 0xff, 0xff, 0xff, 0xff, 0xe4,

    /* U+F8A2 "" */
    0x0, 0x0, 0x0, 0x0, 0x0, 0x0, 0x0, 0x1,
    0x0, 0x0, 0x0, 0x0, 0x0, 0x0, 0x0, 0x3,
    0xe0, 0x0, 0x0, 0x10, 0x0, 0x0, 0x0, 0x2,
    0xef, 0x10, 0x0, 0xbf, 0x0, 0x0, 0x0, 0x0,
    0x7f, 0xf1, 0x0, 0xcf, 0xf1, 0x0, 0x0, 0x0,
    0x7, 0xff, 0x11, 0xcf, 0xff, 0x77, 0x77, 0x77,
    0x77, 0xbf, 0xf1, 0xcf, 0xff, 0xff, 0xff, 0xff,
    0xff, 0xff, 0xff, 0x17, 0xff, 0xff, 0xff, 0xff,
    0xff, 0xff, 0xff, 0xe0, 0x7, 0xff, 0xf1, 0x0,
    0x0, 0x0, 0x0, 0x0, 0x0, 0x6, 0xff, 0x10,
    0x0, 0x0, 0x0, 0x0, 0x0, 0x0, 0x5, 0xa0,
    0x0, 0x0, 0x0, 0x0, 0x0, 0x0,

    /* U+FF01 "！" */
    0x3, 0x31, 0xf, 0xf7, 0xf, 0xf6, 0xf, 0xf6,
    0xe, 0xf5, 0xe, 0xf4, 0xd, 0xf4, 0xc, 0xf3,
    0x3, 0x40, 0xa, 0xa5, 0x1f, 0xf8, 0x1f, 0xf8
};
#else
static LV_ATTRIBUTE_LARGE_CONST const uint8_t glyph_bitmap[] = { 0x00 };
#endif


/*---------------------
 *  GLYPH DESCRIPTION
 *--------------------*/

static const lv_font_fmt_txt_glyph_dsc_t glyph_dsc[] = {
    {.bitmap_index = 0, .adv_w = 0, .box_w = 0, .box_h = 0, .ofs_x = 0, .ofs_y = 0} /* id = 0 reserved */,
    {.bitmap_index = 0, .adv_w = 67, .box_w = 0, .box_h = 0, .ofs_x = 0, .ofs_y = 0},
    {.bitmap_index = 0, .adv_w = 95, .box_w = 4, .box_h = 11, .ofs_x = 1, .ofs_y = 0},
    {.bitmap_index = 22, .adv_w = 106, .box_w = 6, .box_h = 5, .ofs_x = 0, .ofs_y = 8},
    {.bitmap_index = 37, .adv_w = 154, .box_w = 10, .box_h = 11, .ofs_x = 0, .ofs_y = 0},
    {.bitmap_index = 92, .adv_w = 151, .box_w = 9, .box_h = 16, .ofs_x = 0, .ofs_y = -3},
    {.bitmap_index = 164, .adv_w = 213, .box_w = 13, .box_h = 11, .ofs_x = 0, .ofs_y = 0},
    {.bitmap_index = 236, .adv_w = 169, .box_w = 11, .box_h = 11, .ofs_x = 0, .ofs_y = 0},
    {.bitmap_index = 297, .adv_w = 59, .box_w = 3, .box_h = 5, .ofs_x = 0, .ofs_y = 8},
    {.bitmap_index = 305, .adv_w = 101, .box_w = 5, .box_h = 16, .ofs_x = 1, .ofs_y = -2},
    {.bitmap_index = 345, .adv_w = 101, .box_w = 6, .box_h = 16, .ofs_x = 0, .ofs_y = -2},
    {.bitmap_index = 393, .adv_w = 118, .box_w = 7, .box_h = 7, .ofs_x = 0, .ofs_y = 6},
    {.bitmap_index = 418, .adv_w = 148, .box_w = 9, .box_h = 9, .ofs_x = 0, .ofs_y = 1},
    {.bitmap_index = 459, .adv_w = 84, .box_w = 5, .box_h = 5, .ofs_x = 0, .ofs_y = -2},
    {.bitmap_index = 472, .adv_w = 113, .box_w = 5, .box_h = 2, .ofs_x = 1, .ofs_y = 4},
    {.bitmap_index = 477, .adv_w = 84, .box_w = 3, .box_h = 3, .ofs_x = 1, .ofs_y = 0},
    {.bitmap_index = 482, .adv_w = 128, .box_w = 8, .box_h = 13, .ofs_x = 0, .ofs_y = 0},
    {.bitmap_index = 534, .adv_w = 151, .box_w = 9, .box_h = 11, .ofs_x = 0, .ofs_y = 0},
    {.bitmap_index = 584, .adv_w = 108, .box_w = 6, .box_h = 11, .ofs_x = 0, .ofs_y = 0},
    {.bitmap_index = 617, .adv_w = 151, .box_w = 9, .box_h = 11, .ofs_x = 0, .ofs_y = 0},
    {.bitmap_index = 667, .adv_w = 151, .box_w = 8, .box_h = 11, .ofs_x = 1, .ofs_y = 0},
    {.bitmap_index = 711, .adv_w = 151, .box_w = 9, .box_h = 11, .ofs_x = 0, .ofs_y = 0},
    {.bitmap_index = 761, .adv_w = 151, .box_w = 8, .box_h = 11, .ofs_x = 1, .ofs_y = 0},
    {.bitmap_index = 805, .adv_w = 151, .box_w = 9, .box_h = 11, .ofs_x = 0, .ofs_y = 0},
    {.bitmap_index = 855, .adv_w = 141, .box_w = 9, .box_h = 11, .ofs_x = 0, .ofs_y = 0},
    {.bitmap_index = 905, .adv_w = 151, .box_w = 9, .box_h = 11, .ofs_x = 0, .ofs_y = 0},
    {.bitmap_index = 955, .adv_w = 151, .box_w = 9, .box_h = 11, .ofs_x = 0, .ofs_y = 0},
    {.bitmap_index = 1005, .adv_w = 103, .box_w = 4, .box_h = 9, .ofs_x = 1, .ofs_y = 0},
    {.bitmap_index = 1023, .adv_w = 103, .box_w = 5, .box_h = 11, .ofs_x = 0, .ofs_y = -2},
    {.bitmap_index = 1051, .adv_w = 148, .box_w = 9, .box_h = 11, .ofs_x = 0, .ofs_y = 0},
    {.bitmap_index = 1101, .adv_w = 148, .box_w = 9, .box_h = 7, .ofs_x = 0, .ofs_y = 2},
    {.bitmap_index = 1133, .adv_w = 148, .box_w = 9, .box_h = 11, .ofs_x = 0, .ofs_y = 0},
    {.bitmap_index = 1183, .adv_w = 115, .box_w = 7, .box_h = 11, .ofs_x = 0, .ofs_y = 0},
    {.bitmap_index = 1222, .adv_w = 219, .box_w = 14, .box_h = 13, .ofs_x = 0, .ofs_y = -2},
    {.bitmap_index = 1313, .adv_w = 186, .box_w = 12, .box_h = 11, .ofs_x = 0, .ofs_y = 0},
    {.bitmap_index = 1379, .adv_w = 173, .box_w = 11, .box_h = 11, .ofs_x = 0, .ofs_y = 0},
    {.bitmap_index = 1440, .adv_w = 175, .box_w = 11, .box_h = 11, .ofs_x = 0, .ofs_y = 0},
    {.bitmap_index = 1501, .adv_w = 180, .box_w = 11, .box_h = 11, .ofs_x = 0, .ofs_y = 0},
    {.bitmap_index = 1562, .adv_w = 149, .box_w = 9, .box_h = 11, .ofs_x = 0, .ofs_y = 0},
    {.bitmap_index = 1612, .adv_w = 142, .box_w = 9, .box_h = 11, .ofs_x = 0, .ofs_y = 0},
    {.bitmap_index = 1662, .adv_w = 180, .box_w = 11, .box_h = 11, .ofs_x = 0, .ofs_y = 0},
    {.bitmap_index = 1723, .adv_w = 184, .box_w = 11, .box_h = 11, .ofs_x = 0, .ofs_y = 0},
    {.bitmap_index = 1784, .adv_w = 74, .box_w = 3, .box_h = 11, .ofs_x = 1, .ofs_y = 0},
    {.bitmap_index = 1801, .adv_w = 84, .box_w = 6, .box_h = 14, .ofs_x = -1, .ofs_y = -3},
    {.bitmap_index = 1843, .adv_w = 172, .box_w = 11, .box_h = 11, .ofs_x = 0, .ofs_y = 0},
    {.bitmap_index = 1904, .adv_w = 134, .box_w = 9, .box_h = 11, .ofs_x = 0, .ofs_y = 0},
    {.bitmap_index = 1954, .adv_w = 227, .box_w = 14, .box_h = 11, .ofs_x = 0, .ofs_y = 0},
    {.bitmap_index = 2031, .adv_w = 186, .box_w = 11, .box_h = 11, .ofs_x = 0, .ofs_y = 0},
    {.bitmap_index = 2092, .adv_w = 203, .box_w = 13, .box_h = 11, .ofs_x = 0, .ofs_y = 0},
    {.bitmap_index = 2164, .adv_w = 169, .box_w = 11, .box_h = 11, .ofs_x = 0, .ofs_y = 0},
    {.bitmap_index = 2225, .adv_w = 205, .box_w = 13, .box_h = 12, .ofs_x = 0, .ofs_y = -1},
    {.bitmap_index = 2303, .adv_w = 169, .box_w = 11, .box_h = 11, .ofs_x = 0, .ofs_y = 0},
    {.bitmap_index = 2364, .adv_w = 145, .box_w = 9, .box_h = 11, .ofs_x = 0, .ofs_y = 0},
    {.bitmap_index = 2414, .adv_w = 143, .box_w = 9, .box_h = 11, .ofs_x = 0, .ofs_y = 0},
    {.bitmap_index = 2464, .adv_w = 188, .box_w = 11, .box_h = 11, .ofs_x = 0, .ofs_y = 0},
    {.bitmap_index = 2525, .adv_w = 184, .box_w = 12, .box_h = 11, .ofs_x = 0, .ofs_y = 0},
    {.bitmap_index = 2591, .adv_w = 239, .box_w = 15, .box_h = 11, .ofs_x = 0, .ofs_y = 0},
    {.bitmap_index = 2674, .adv_w = 187, .box_w = 12, .box_h = 11, .ofs_x = 0, .ofs_y = 0},
    {.bitmap_index = 2740, .adv_w = 166, .box_w = 11, .box_h = 11, .ofs_x = 0, .ofs_y = 0},
    {.bitmap_index = 2801, .adv_w = 167, .box_w = 10, .box_h = 11, .ofs_x = 0, .ofs_y = 0},
    {.bitmap_index = 2856, .adv_w = 85, .box_w = 4, .box_h = 16, .ofs_x = 1, .ofs_y = -2},
    {.bitmap_index = 2888, .adv_w = 129, .box_w = 8, .box_h = 14, .ofs_x = 0, .ofs_y = -1},
    {.bitmap_index = 2944, .adv_w = 85, .box_w = 5, .box_h = 16, .ofs_x = 0, .ofs_y = -2},
    {.bitmap_index = 2984, .adv_w = 148, .box_w = 9, .box_h = 6, .ofs_x = 0, .ofs_y = 6},
    {.bitmap_index = 3011, .adv_w = 128, .box_w = 8, .box_h = 2, .ofs_x = 0, .ofs_y = -3},
    {.bitmap_index = 3019, .adv_w = 111, .box_w = 5, .box_h = 3, .ofs_x = 0, .ofs_y = 11},
    {.bitmap_index = 3027, .adv_w = 158, .box_w = 10, .box_h = 9, .ofs_x = 0, .ofs_y = 0},
    {.bitmap_index = 3072, .adv_w = 158, .box_w = 10, .box_h = 13, .ofs_x = 0, .ofs_y = 0},
    {.bitmap_index = 3137, .adv_w = 136, .box_w = 8, .box_h = 9, .ofs_x = 0, .ofs_y = 0},
    {.bitmap_index = 3173, .adv_w = 158, .box_w = 10, .box_h = 13, .ofs_x = 0, .ofs_y = 0},
    {.bitmap_index = 3238, .adv_w = 155, .box_w = 10, .box_h = 9, .ofs_x = 0, .ofs_y = 0},
    {.bitmap_index = 3283, .adv_w = 102, .box_w = 7, .box_h = 13, .ofs_x = 0, .ofs_y = 0},
    {.bitmap_index = 3329, .adv_w = 157, .box_w = 10, .box_h = 13, .ofs_x = 0, .ofs_y = -4},
    {.bitmap_index = 3394, .adv_w = 153, .box_w = 9, .box_h = 13, .ofs_x = 0, .ofs_y = 0},
    {.bitmap_index = 3453, .adv_w = 73, .box_w = 3, .box_h = 13, .ofs_x = 1, .ofs_y = 0},
    {.bitmap_index = 3473, .adv_w = 81, .box_w = 6, .box_h = 17, .ofs_x = -1, .ofs_y = -4},
    {.bitmap_index = 3524, .adv_w = 141, .box_w = 9, .box_h = 13, .ofs_x = 0, .ofs_y = 0},
    {.bitmap_index = 3583, .adv_w = 81, .box_w = 5, .box_h = 13, .ofs_x = 0, .ofs_y = 0},
    {.bitmap_index = 3616, .adv_w = 227, .box_w = 14, .box_h = 9, .ofs_x = 0, .ofs_y = 0},
    {.bitmap_index = 3679, .adv_w = 155, .box_w = 9, .box_h = 9, .ofs_x = 0, .ofs_y = 0},
    {.bitmap_index = 3720, .adv_w = 161, .box_w = 10, .box_h = 9, .ofs_x = 0, .ofs_y = 0},
    {.bitmap_index = 3765, .adv_w = 162, .box_w = 10, .box_h = 13, .ofs_x = 0, .ofs_y = -4},
    {.bitmap_index = 3830, .adv_w = 163, .box_w = 10, .box_h = 13, .ofs_x = 0, .ofs_y = -4},
    {.bitmap_index = 3895, .adv_w = 104, .box_w = 7, .box_h = 9, .ofs_x = 0, .ofs_y = 0},
    {.bitmap_index = 3927, .adv_w = 123, .box_w = 8, .box_h = 9, .ofs_x = 0, .ofs_y = 0},
    {.bitmap_index = 3963, .adv_w = 94, .box_w = 6, .box_h = 11, .ofs_x = 0, .ofs_y = 0},
    {.bitmap_index = 3996, .adv_w = 155, .box_w = 10, .box_h = 9, .ofs_x = 0, .ofs_y = 0},
    {.bitmap_index = 4041, .adv_w = 153, .box_w = 10, .box_h = 9, .ofs_x = 0, .ofs_y = 0},
    {.bitmap_index = 4086, .adv_w = 225, .box_w = 14, .box_h = 9, .ofs_x = 0, .ofs_y = 0},
    {.bitmap_index = 4149, .adv_w = 155, .box_w = 10, .box_h = 9, .ofs_x = 0, .ofs_y = 0},
    {.bitmap_index = 4194, .adv_w = 149, .box_w = 10, .box_h = 13, .ofs_x = 0, .ofs_y = -4},
    {.bitmap_index = 4259, .adv_w = 132, .box_w = 8, .box_h = 9, .ofs_x = 0, .ofs_y = 0},
    {.bitmap_index = 4295, .adv_w = 89, .box_w = 6, .box_h = 16, .ofs_x = 0, .ofs_y = -2},
    {.bitmap_index = 4343, .adv_w = 57, .box_w = 3, .box_h = 16, .ofs_x = 0, .ofs_y = -2},
    {.bitmap_index = 4367, .adv_w = 89, .box_w = 6, .box_h = 16, .ofs_x = 0, .ofs_y = -2},
    {.bitmap_index = 4415, .adv_w = 148, .box_w = 9, .box_h = 4, .ofs_x = 0, .ofs_y = 4},
    {.bitmap_index = 4433, .adv_w = 173, .box_w = 11, .box_h = 16, .ofs_x = 0, .ofs_y = -3},
    {.bitmap_index = 4521, .adv_w = 256, .box_w = 16, .box_h = 15, .ofs_x = 0, .ofs_y = -2},
    {.bitmap_index = 4641, .adv_w = 256, .box_w = 16, .box_h = 15, .ofs_x = 0, .ofs_y = -1},
    {.bitmap_index = 4761, .adv_w = 256, .box_w = 16, .box_h = 13, .ofs_x = 0, .ofs_y = -1},
    {.bitmap_index = 4865, .adv_w = 256, .box_w = 16, .box_h = 16, .ofs_x = 0, .ofs_y = -2},
    {.bitmap_index = 4993, .adv_w = 256, .box_w = 16, .box_h = 14, .ofs_x = 0, .ofs_y = -1},
    {.bitmap_index = 5105, .adv_w = 256, .box_w = 16, .box_h = 15, .ofs_x = 0, .ofs_y = -2},
    {.bitmap_index = 5225, .adv_w = 256, .box_w = 16, .box_h = 15, .ofs_x = 0, .ofs_y = -2},
    {.bitmap_index = 5345, .adv_w = 256, .box_w = 15, .box_h = 15, .ofs_x = 0, .ofs_y = -2},
    {.bitmap_index = 5458, .adv_w = 256, .box_w = 16, .box_h = 15, .ofs_x = 0, .ofs_y = -2},
    {.bitmap_index = 5578, .adv_w = 256, .box_w = 16, .box_h = 16, .ofs_x = 0, .ofs_y = -2},
    {.bitmap_index = 5706, .adv_w = 256, .box_w = 16, .box_h = 15, .ofs_x = 0, .ofs_y = -2},
    {.bitmap_index = 5826, .adv_w = 256, .box_w = 16, .box_h = 15, .ofs_x = 0, .ofs_y = -2},
    {.bitmap_index = 5946, .adv_w = 256, .box_w = 16, .box_h = 14, .ofs_x = 0, .ofs_y = -1},
    {.bitmap_index = 6058, .adv_w = 256, .box_w = 16, .box_h = 15, .ofs_x = 0, .ofs_y = -2},
    {.bitmap_index = 6178, .adv_w = 256, .box_w = 14, .box_h = 14, .ofs_x = 1, .ofs_y = -1},
    {.bitmap_index = 6276, .adv_w = 256, .box_w = 15, .box_h = 15, .ofs_x = 0, .ofs_y = -2},
    {.bitmap_index = 6389, .adv_w = 256, .box_w = 16, .box_h = 15, .ofs_x = 0, .ofs_y = -2},
    {.bitmap_index = 6509, .adv_w = 256, .box_w = 16, .box_h = 15, .ofs_x = 0, .ofs_y = -2},
    {.bitmap_index = 6629, .adv_w = 256, .box_w = 16, .box_h = 15, .ofs_x = 0, .ofs_y = -2},
    {.bitmap_index = 6749, .adv_w = 256, .box_w = 15, .box_h = 14, .ofs_x = 0, .ofs_y = -1},
    {.bitmap_index = 6854, .adv_w = 256, .box_w = 16, .box_h = 17, .ofs_x = 0, .ofs_y = -3},
    {.bitmap_index = 6990, .adv_w = 256, .box_w = 16, .box_h = 15, .ofs_x = 0, .ofs_y = -2},
    {.bitmap_index = 7110, .adv_w = 256, .box_w = 16, .box_h = 16, .ofs_x = 0, .ofs_y = -2},
    {.bitmap_index = 7238, .adv_w = 256, .box_w = 16, .box_h = 15, .ofs_x = 0, .ofs_y = -2},
    {.bitmap_index = 7358, .adv_w = 256, .box_w = 16, .box_h = 15, .ofs_x = 0, .ofs_y = -2},
    {.bitmap_index = 7478, .adv_w = 256, .box_w = 16, .box_h = 15, .ofs_x = 0, .ofs_y = -2},
    {.bitmap_index = 7598, .adv_w = 256, .box_w = 16, .box_h = 15, .ofs_x = 0, .ofs_y = -2},
    {.bitmap_index = 7718, .adv_w = 256, .box_w = 16, .box_h = 15, .ofs_x = 0, .ofs_y = -2},
    {.bitmap_index = 7838, .adv_w = 256, .box_w = 15, .box_h = 17, .ofs_x = 0, .ofs_y = -3},
    {.bitmap_index = 7966, .adv_w = 256, .box_w = 16, .box_h = 16, .ofs_x = 0, .ofs_y = -2},
    {.bitmap_index = 8094, .adv_w = 256, .box_w = 16, .box_h = 16, .ofs_x = 0, .ofs_y = -2},
    {.bitmap_index = 8222, .adv_w = 256, .box_w = 16, .box_h = 15, .ofs_x = 0, .ofs_y = -2},
    {.bitmap_index = 8342, .adv_w = 256, .box_w = 16, .box_h = 16, .ofs_x = 0, .ofs_y = -2},
    {.bitmap_index = 8470, .adv_w = 256, .box_w = 16, .box_h = 15, .ofs_x = 0, .ofs_y = -2},
    {.bitmap_index = 8590, .adv_w = 256, .box_w = 15, .box_h = 15, .ofs_x = 1, .ofs_y = -2},
    {.bitmap_index = 8703, .adv_w = 256, .box_w = 16, .box_h = 16, .ofs_x = 0, .ofs_y = -2},
    {.bitmap_index = 8831, .adv_w = 256, .box_w = 16, .box_h = 17, .ofs_x = 0, .ofs_y = -3},
    {.bitmap_index = 8967, .adv_w = 256, .box_w = 16, .box_h = 15, .ofs_x = 0, .ofs_y = -2},
    {.bitmap_index = 9087, .adv_w = 256, .box_w = 16, .box_h = 15, .ofs_x = 0, .ofs_y = -2},
    {.bitmap_index = 9207, .adv_w = 256, .box_w = 16, .box_h = 16, .ofs_x = 0, .ofs_y = -2},
    {.bitmap_index = 9335, .adv_w = 256, .box_w = 16, .box_h = 15, .ofs_x = 0, .ofs_y = -2},
    {.bitmap_index = 9455, .adv_w = 256, .box_w = 14, .box_h = 15, .ofs_x = 1, .ofs_y = -2},
    {.bitmap_index = 9560, .adv_w = 256, .box_w = 16, .box_h = 14, .ofs_x = 0, .ofs_y = -1},
    {.bitmap_index = 9672, .adv_w = 256, .box_w = 14, .box_h = 15, .ofs_x = 1, .ofs_y = -2},
    {.bitmap_index = 9777, .adv_w = 256, .box_w = 16, .box_h = 16, .ofs_x = 0, .ofs_y = -3},
    {.bitmap_index = 9905, .adv_w = 256, .box_w = 16, .box_h = 15, .ofs_x = 0, .ofs_y = -2},
    {.bitmap_index = 10025, .adv_w = 256, .box_w = 16, .box_h = 16, .ofs_x = 0, .ofs_y = -2},
    {.bitmap_index = 10153, .adv_w = 256, .box_w = 16, .box_h = 15, .ofs_x = 0, .ofs_y = -2},
    {.bitmap_index = 10273, .adv_w = 256, .box_w = 15, .box_h = 17, .ofs_x = 0, .ofs_y = -3},
    {.bitmap_index = 10401, .adv_w = 256, .box_w = 16, .box_h = 15, .ofs_x = 0, .ofs_y = -2},
    {.bitmap_index = 10521, .adv_w = 256, .box_w = 16, .box_h = 17, .ofs_x = 0, .ofs_y = -3},
    {.bitmap_index = 10657, .adv_w = 256, .box_w = 16, .box_h = 16, .ofs_x = 0, .ofs_y = -3},
    {.bitmap_index = 10785, .adv_w = 256, .box_w = 16, .box_h = 17, .ofs_x = 0, .ofs_y = -2},
    {.bitmap_index = 10921, .adv_w = 256, .box_w = 16, .box_h = 12, .ofs_x = 0, .ofs_y = 0},
    {.bitmap_index = 11017, .adv_w = 256, .box_w = 16, .box_h = 14, .ofs_x = 0, .ofs_y = -1},
    {.bitmap_index = 11129, .adv_w = 256, .box_w = 16, .box_h = 12, .ofs_x = 0, .ofs_y = 0},
    {.bitmap_index = 11225, .adv_w = 176, .box_w = 11, .box_h = 12, .ofs_x = 0, .ofs_y = 0},
    {.bitmap_index = 11291, .adv_w = 256, .box_w = 16, .box_h = 16, .ofs_x = 0, .ofs_y = -2},
    {.bitmap_index = 11419, .adv_w = 256, .box_w = 16, .box_h = 16, .ofs_x = 0, .ofs_y = -2},
    {.bitmap_index = 11547, .adv_w = 288, .box_w = 18, .box_h = 14, .ofs_x = 0, .ofs_y = -1},
    {.bitmap_index = 11673, .adv_w = 256, .box_w = 16, .box_h = 16, .ofs_x = 0, .ofs_y = -2},
    {.bitmap_index = 11801, .adv_w = 288, .box_w = 18, .box_h = 12, .ofs_x = 0, .ofs_y = 0},
    {.bitmap_index = 11909, .adv_w = 256, .box_w = 16, .box_h = 16, .ofs_x = 0, .ofs_y = -2},
    {.bitmap_index = 12037, .adv_w = 128, .box_w = 8, .box_h = 14, .ofs_x = 0, .ofs_y = -1},
    {.bitmap_index = 12093, .adv_w = 192, .box_w = 12, .box_h = 14, .ofs_x = 0, .ofs_y = -1},
    {.bitmap_index = 12177, .adv_w = 288, .box_w = 18, .box_h = 16, .ofs_x = 0, .ofs_y = -2},
    {.bitmap_index = 12321, .adv_w = 256, .box_w = 16, .box_h = 12, .ofs_x = 0, .ofs_y = 0},
    {.bitmap_index = 12417, .adv_w = 176, .box_w = 11, .box_h = 16, .ofs_x = 0, .ofs_y = -2},
    {.bitmap_index = 12505, .adv_w = 224, .box_w = 10, .box_h = 16, .ofs_x = 2, .ofs_y = -2},
    {.bitmap_index = 12585, .adv_w = 224, .box_w = 14, .box_h = 18, .ofs_x = 0, .ofs_y = -3},
    {.bitmap_index = 12711, .adv_w = 224, .box_w = 14, .box_h = 15, .ofs_x = 0, .ofs_y = -1},
    {.bitmap_index = 12816, .adv_w = 224, .box_w = 14, .box_h = 14, .ofs_x = 0, .ofs_y = -1},
    {.bitmap_index = 12914, .adv_w = 224, .box_w = 10, .box_h = 16, .ofs_x = 2, .ofs_y = -2},
    {.bitmap_index = 12994, .adv_w = 224, .box_w = 16, .box_h = 14, .ofs_x = -1, .ofs_y = -1},
    {.bitmap_index = 13106, .adv_w = 160, .box_w = 10, .box_h = 14, .ofs_x = 0, .ofs_y = -1},
    {.bitmap_index = 13176, .adv_w = 160, .box_w = 10, .box_h = 14, .ofs_x = 0, .ofs_y = -1},
    {.bitmap_index = 13246, .adv_w = 224, .box_w = 14, .box_h = 14, .ofs_x = 0, .ofs_y = -1},
    {.bitmap_index = 13344, .adv_w = 224, .box_w = 14, .box_h = 4, .ofs_x = 0, .ofs_y = 4},
    {.bitmap_index = 13372, .adv_w = 288, .box_w = 18, .box_h = 12, .ofs_x = 0, .ofs_y = 0},
    {.bitmap_index = 13480, .adv_w = 320, .box_w = 20, .box_h = 16, .ofs_x = 0, .ofs_y = -2},
    {.bitmap_index = 13640, .adv_w = 288, .box_w = 20, .box_h = 16, .ofs_x = -1, .ofs_y = -2},
    {.bitmap_index = 13800, .adv_w = 256, .box_w = 16, .box_h = 16, .ofs_x = 0, .ofs_y = -2},
    {.bitmap_index = 13928, .adv_w = 224, .box_w = 14, .box_h = 10, .ofs_x = 0, .ofs_y = 1},
    {.bitmap_index = 13998, .adv_w = 224, .box_w = 14, .box_h = 10, .ofs_x = 0, .ofs_y = 1},
    {.bitmap_index = 14068, .adv_w = 320, .box_w = 20, .box_h = 14, .ofs_x = 0, .ofs_y = -1},
    {.bitmap_index = 14208, .adv_w = 256, .box_w = 16, .box_h = 12, .ofs_x = 0, .ofs_y = 0},
    {.bitmap_index = 14304, .adv_w = 256, .box_w = 16, .box_h = 16, .ofs_x = 0, .ofs_y = -2},
    {.bitmap_index = 14432, .adv_w = 256, .box_w = 17, .box_h = 17, .ofs_x = -1, .ofs_y = -2},
    {.bitmap_index = 14577, .adv_w = 224, .box_w = 15, .box_h = 14, .ofs_x = 0, .ofs_y = -1},
    {.bitmap_index = 14682, .adv_w = 224, .box_w = 14, .box_h = 16, .ofs_x = 0, .ofs_y = -2},
    {.bitmap_index = 14794, .adv_w = 224, .box_w = 14, .box_h = 14, .ofs_x = 0, .ofs_y = -1},
    {.bitmap_index = 14892, .adv_w = 224, .box_w = 14, .box_h = 14, .ofs_x = 0, .ofs_y = -1},
    {.bitmap_index = 14990, .adv_w = 256, .box_w = 16, .box_h = 12, .ofs_x = 0, .ofs_y = 0},
    {.bitmap_index = 15086, .adv_w = 160, .box_w = 12, .box_h = 16, .ofs_x = -1, .ofs_y = -2},
    {.bitmap_index = 15182, .adv_w = 224, .box_w = 14, .box_h = 16, .ofs_x = 0, .ofs_y = -2},
    {.bitmap_index = 15294, .adv_w = 224, .box_w = 14, .box_h = 16, .ofs_x = 0, .ofs_y = -2},
    {.bitmap_index = 15406, .adv_w = 288, .box_w = 18, .box_h = 12, .ofs_x = 0, .ofs_y = 0},
    {.bitmap_index = 15514, .adv_w = 256, .box_w = 18, .box_h = 18, .ofs_x = -1, .ofs_y = -3},
    {.bitmap_index = 15676, .adv_w = 192, .box_w = 12, .box_h = 16, .ofs_x = 0, .ofs_y = -2},
    {.bitmap_index = 15772, .adv_w = 320, .box_w = 20, .box_h = 15, .ofs_x = 0, .ofs_y = -1},
    {.bitmap_index = 15922, .adv_w = 320, .box_w = 20, .box_h = 10, .ofs_x = 0, .ofs_y = 1},
    {.bitmap_index = 16022, .adv_w = 320, .box_w = 20, .box_h = 10, .ofs_x = 0, .ofs_y = 1},
    {.bitmap_index = 16122, .adv_w = 320, .box_w = 20, .box_h = 10, .ofs_x = 0, .ofs_y = 1},
    {.bitmap_index = 16222, .adv_w = 320, .box_w = 20, .box_h = 10, .ofs_x = 0, .ofs_y = 1},
    {.bitmap_index = 16322, .adv_w = 320, .box_w = 20, .box_h = 10, .ofs_x = 0, .ofs_y = 1},
    {.bitmap_index = 16422, .adv_w = 320, .box_w = 21, .box_h = 14, .ofs_x = 0, .ofs_y = -1},
    {.bitmap_index = 16569, .adv_w = 224, .box_w = 12, .box_h = 16, .ofs_x = 1, .ofs_y = -2},
    {.bitmap_index = 16665, .adv_w = 224, .box_w = 14, .box_h = 16, .ofs_x = 0, .ofs_y = -2},
    {.bitmap_index = 16777, .adv_w = 256, .box_w = 17, .box_h = 17, .ofs_x = -1, .ofs_y = -3},
    {.bitmap_index = 16922, .adv_w = 320, .box_w = 20, .box_h = 12, .ofs_x = 0, .ofs_y = 0},
    {.bitmap_index = 17042, .adv_w = 192, .box_w = 12, .box_h = 16, .ofs_x = 0, .ofs_y = -2},
    {.bitmap_index = 17138, .adv_w = 258, .box_w = 17, .box_h = 11, .ofs_x = 0, .ofs_y = 1},
    {.bitmap_index = 17232, .adv_w = 256, .box_w = 4, .box_h = 12, .ofs_x = 2, .ofs_y = 0}
};

/*---------------------
 *  CHARACTER MAPPING
 *--------------------*/

static const uint16_t unicode_list_1[] = {
    0x0, 0x2c02, 0x2c08, 0x2c72, 0x2dc7, 0x2f52, 0x3016, 0x3033,
    0x308e, 0x30fd, 0x312d, 0x313b, 0x31be, 0x320c, 0x3215, 0x34da,
    0x3519, 0x3717, 0x3936, 0x39f5, 0x3d39, 0x3d48, 0x3e55, 0x4396,
    0x4415, 0x4512, 0x45f5, 0x46a6, 0x4a0d, 0x4b31, 0x4bd7, 0x4bf6,
    0x4e9f, 0x502e, 0x5195, 0x531b, 0x55e7, 0x5c8d, 0x5c92, 0x5caa,
    0x5cb5, 0x5cda, 0x5d37, 0x5fd9, 0x6068, 0x61c2, 0x6626, 0x694c,
    0x698a, 0x728b, 0x74ce, 0x766a, 0x7cbe, 0xcde7, 0xcdee, 0xcdf1,
    0xcdf2, 0xcdf3, 0xcdf7, 0xcdf9, 0xcdfb, 0xcdff, 0xce02, 0xce07,
    0xce0c, 0xce0d, 0xce0e, 0xce24, 0xce29, 0xce2e, 0xce31, 0xce32,
    0xce33, 0xce37, 0xce38, 0xce39, 0xce3a, 0xce4d, 0xce4e, 0xce54,
    0xce56, 0xce57, 0xce5a, 0xce5d, 0xce5e, 0xce5f, 0xce61, 0xce79,
    0xce7b, 0xceaa, 0xceab, 0xcead, 0xceaf, 0xcec6, 0xcecd, 0xced0,
    0xced9, 0xcf02, 0xcf0a, 0xcf41, 0xcfd1, 0xd026, 0xd027, 0xd028,
    0xd029, 0xd02a, 0xd06d, 0xd079, 0xd0d3, 0xd0ea, 0xd340, 0xd5a8,
    0xd688, 0xdce7
};

/*Collect the unicode lists and glyph_id offsets*/
static const lv_font_fmt_txt_cmap_t cmaps[] =
{
    {
        .range_start = 32, .range_length = 95, .glyph_id_start = 1,
        .unicode_list = NULL, .glyph_id_ofs_list = NULL, .list_length = 0, .type = LV_FONT_FMT_TXT_CMAP_FORMAT0_TINY
    },
    {
        .range_start = 8730, .range_length = 56552, .glyph_id_start = 96,
        .unicode_list = unicode_list_1, .glyph_id_ofs_list = NULL, .list_length = 114, .type = LV_FONT_FMT_TXT_CMAP_SPARSE_TINY
    }
};

/*-----------------
 *    KERNING
 *----------------*/


/*Map glyph_ids to kern left classes*/
static const uint8_t kern_left_class_mapping[] =
{
    0, 0, 0, 0, 0, 0, 0, 1,
    0, 2, 0, 0, 0, 0, 0, 0,
    0, 0, 0, 3, 0, 4, 0, 0,
    0, 0, 0, 0, 0, 0, 0, 0,
    0, 0, 5, 0, 6, 7, 6, 8,
    6, 6, 6, 0, 9, 10, 6, 6,
    7, 11, 7, 12, 0, 13, 0, 14,
    15, 16, 17, 18, 19, 19, 0, 0,
    0, 0, 6, 20, 6, 6, 20, 0,
    6, 0, 0, 0, 21, 22, 0, 23,
    24, 20, 25, 26, 27, 6, 23, 0,
    28, 29, 28, 6, 19, 0, 0, 0,
    0, 0, 0, 0, 0, 0, 0, 0,
    0, 0, 0, 0, 0, 0, 0, 0,
    0, 0, 0, 0, 0, 0, 0, 0,
    0, 0, 0, 0, 0, 0, 0, 0,
    0, 0, 0, 0, 0, 0, 0, 0,
    0, 0, 0, 0, 0, 0, 0, 0,
    0, 0, 0, 0, 0, 0, 0, 0,
    0, 0, 0, 0, 0, 0, 0, 0,
    0, 0, 0, 0, 0, 0, 0, 0,
    0, 0, 0, 0, 0, 0, 0, 0,
    0, 0, 0, 0, 0, 0, 0, 0,
    0, 0, 0, 0, 0, 0, 0, 0,
    0, 0, 0, 0, 0, 0, 0, 0,
    0, 0, 0, 0, 0, 0, 0, 0,
    0, 0
};

/*Map glyph_ids to kern right classes*/
static const uint8_t kern_right_class_mapping[] =
{
    0, 0, 0, 0, 0, 0, 0, 0,
    0, 0, 0, 0, 0, 0, 0, 1,
    0, 0, 0, 0, 0, 2, 0, 2,
    0, 0, 3, 0, 0, 0, 0, 0,
    0, 0, 4, 0, 0, 0, 0, 0,
    5, 0, 0, 6, 0, 0, 0, 0,
    7, 0, 5, 0, 0, 8, 0, 9,
    10, 11, 12, 13, 0, 0, 0, 0,
    0, 0, 14, 0, 14, 15, 14, 0,
    16, 0, 0, 17, 0, 0, 18, 18,
    14, 18, 14, 18, 19, 20, 18, 21,
    22, 21, 21, 0, 0, 0, 0, 0,
    0, 0, 0, 0, 0, 0, 0, 0,
    0, 0, 0, 0, 0, 0, 0, 0,
    0, 0, 0, 0, 0, 0, 0, 0,
    0, 0, 0, 0, 0, 0, 0, 0,
    0, 0, 0, 0, 0, 0, 0, 0,
    0, 0, 0, 0, 0, 0, 0, 0,
    0, 0, 0, 0, 0, 0, 0, 0,
    0, 0, 0, 0, 0, 0, 0, 0,
    0, 0, 0, 0, 0, 0, 0, 0,
    0, 0, 0, 0, 0, 0, 0, 0,
    0, 0, 0, 0, 0, 0, 0, 0,
    0, 0, 0, 0, 0, 0, 0, 0,
    0, 0, 0, 0, 0, 0, 0, 0,
    0, 0, 0, 0, 0, 0, 0, 0,
    0, 0
};

/*Kern values between classes*/
static const int8_t kern_class_values[] =
{
    0, 0, 0, 0, 0, 13, 0, 0,
    0, 0, 0, 0, 0, 0, 0, 0,
    0, 0, 0, 0, 0, 0, 0, 0,
    0, 0, 0, 0, 0, 0, 0, 0,
    0, 0, 0, 0, 0, 0, 10, 0,
    0, 0, 0, 0, 0, -5, -5, 0,
    0, 0, 0, 0, 0, 0, 0, 0,
    0, 0, 0, 0, 0, 0, 0, 0,
    0, 0, 0, 0, -3, 0, 0, 0,
    0, 0, 0, 0, 0, 0, 0, 0,
    0, 0, 0, 0, 0, 0, 0, 0,
    0, 0, 0, 0, 0, 5, 0, -15,
    -18, -13, 0, -15, 0, -5, 0, -5,
    0, 0, 0, 0, 0, 0, 0, 0,
    0, 0, 0, 5, 0, 0, 0, 0,
    0, 0, 0, 0, 0, 0, 0, 0,
    0, 0, 0, 0, 0, 0, 0, 0,
    0, -5, 0, -5, -3, -3, -8, -8,
    -3, 0, 0, 0, 0, 0, 0, 0,
    0, 0, -26, 0, 0, -10, 0, 0,
    0, 0, 0, 0, 0, 0, 0, -5,
    0, -5, 0, 0, 0, 0, 0, 0,
    0, 0, 0, 0, 0, 8, -10, 0,
    0, 0, 0, 0, 0, -10, 0, -10,
    0, 0, 0, 0, 0, 0, 0, 0,
    0, 3, 0, 8, -5, -26, -18, -13,
    0, -26, 0, 0, 0, 0, 0, 0,
    0, 0, 0, 0, -28, 0, 0, -8,
    0, 0, 0, 0, 0, 0, -5, 0,
    0, 0, 0, 0, 0, 0, 0, 0,
    0, 0, 0, 0, 0, 0, 0, 8,
    0, 0, 0, 0, 0, -3, 0, -3,
    0, -3, 0, 0, 0, 0, 0, 0,
    -31, 0, 0, -15, -5, 0, -5, 0,
    0, 0, 0, 0, 0, -15, 0, -15,
    -10, -10, -13, 0, 0, 0, -20, 0,
    0, -18, -3, 0, -3, 0, 0, 0,
    0, 0, 0, -10, 0, -8, -8, -5,
    -5, 0, 0, 0, -15, 0, 0, -13,
    -3, 0, -3, 0, 0, 0, 0, 0,
    0, -8, 0, -8, -8, -5, -5, 0,
    0, 0, -5, 0, 0, 0, -8, 8,
    -8, 0, 0, 0, 0, 0, 0, -10,
    0, -10, 0, 0, -8, 0, 0, 0,
    -26, 0, 0, -15, -8, 0, -8, 0,
    0, 0, 0, 0, 0, -23, -23, -23,
    -10, -10, -18, -10, 0, 0, 0, 0,
    0, 0, -3, 8, -3, 0, 0, 0,
    0, 0, 0, 0, 0, 0, 0, 0,
    0, 0, 0, 0, 0, 0, 0, 0,
    0, 13, 0, 0, 0, 0, 0, 0,
    0, 0, 0, 0, 10, 0, 0, 0,
    0, 0, 0, 0, 0, 0, 0, 0,
    0, -15, -8, -8, -10, -23, 0, 0,
    0, 0, 0, 0, 0, 0, -5, -3,
    0, 0, 0, 0, 0, 5, 0, 0,
    0, 0, 0, 0, 0, -5, 0, -5,
    0, 0, 0, 0, 0, 0, 0, 0,
    0, 0, 0, 8, 0, 0, 0, 0,
    0, 0, 0, 0, 0, 0, 0, 0,
    0, 0, 0, 0, 0, 0, 0, 0,
    0, 3, 0, 0, 0, 0, 0, 0,
    0, 0, 0, 0, 0, 0, 0, 0,
    0, 0, 0, 0, 0, 0, 0, -5,
    0, -15, -10, -8, -10, -23, 0, 0,
    0, 0, 0, 0, 0, 0, -5, -3,
    0, 0, 0, 0, 0, 5, 0, 0,
    0, 0, 0, 0, 0, 0, 0, 0,
    10, 0, 0, 0, 0, 0, 0, 0,
    0, 0, 0, 0, 0, 0, 0, 0,
    0, 0, 0, -5, 0, -5, 0, 0,
    0, 0, 0, 0, 0, 0, 0, 0,
    0, 0, 0, -13, -5, -5, -8, -18,
    0, 0, 0, 0, 0, 0, 0, 0,
    0, 0, 0, 0, 0, 0, 0, 0,
    0, 0, 0, 0, 0, 0, 0, -3,
    0, -3, 0, 0, 0, 0, 0, 0,
    0, 0, 0, 0, 0, 5, 0, 0,
    0, 0, 0, 0, 0, -3, 0, -3,
    0, 0, 0, 0, 0, 0
};


/*Collect the kern class' data in one place*/
static const lv_font_fmt_txt_kern_classes_t kern_classes =
{
    .class_pair_values   = kern_class_values,
    .left_class_mapping  = kern_left_class_mapping,
    .right_class_mapping = kern_right_class_mapping,
    .left_class_cnt      = 29,
    .right_class_cnt     = 22,
};

/*--------------------
 *  ALL CUSTOM DATA
 *--------------------*/

#if LVGL_VERSION_MAJOR == 8
/*Store all the custom data of the font*/
static  lv_font_fmt_txt_glyph_cache_t cache;
#endif

#if LVGL_VERSION_MAJOR >= 8
static const lv_font_fmt_txt_dsc_t font_dsc = {
#else
static lv_font_fmt_txt_dsc_t font_dsc = {
#endif
    .glyph_bitmap = glyph_bitmap,
    .glyph_dsc = glyph_dsc,
    .cmaps = cmaps,
    .kern_dsc = &kern_classes,
    .kern_scale = 16,
    .cmap_num = 2,
    .bpp = 4,
    .kern_classes = 1,
    .bitmap_format = 0,
#if LVGL_VERSION_MAJOR == 8
    .cache = &cache
#endif
};



/*-----------------
 *  PUBLIC FONT
 *----------------*/

/*Initialize a public general font descriptor*/
#if LVGL_VERSION_MAJOR >= 8
const lv_font_t lv_font_alimama_16 = {
#else
lv_font_t lv_font_alimama_16 = {
#endif
    .get_glyph_dsc = lv_font_get_glyph_dsc_fmt_txt,    /*Function pointer to get glyph's data*/
    .get_glyph_bitmap = lv_port_extfont_get_bitmap_lv_font_alimama_16,    /*Function pointer to get glyph's bitmap*/
    .line_height = 16,          /*The maximum line height required by the font*/
    .base_line = 2,             /*Baseline measured from the bottom of the line*/
#if !(LVGL_VERSION_MAJOR == 6 && LVGL_VERSION_MINOR == 0)
    .subpx = LV_FONT_SUBPX_NONE,
#endif
#if LV_VERSION_CHECK(7, 4, 0) || LVGL_VERSION_MAJOR >= 8
    .underline_position = -2,
    .underline_thickness = 1,
#endif
    .dsc = &font_dsc,          /*The custom font data. Will be accessed by `get_glyph_bitmap/dsc` */
#if LV_VERSION_CHECK(8, 2, 0) || LVGL_VERSION_MAJOR >= 9
    .fallback = NULL,
#endif
    .user_data = NULL,
};



#endif /*#if LV_FONT_ALIMAMA_16*/

